row,cid,claim,gold_theme,choice_set_size,codes_available_in_theme,model_code,model_confidence,DECISION,FINAL_CODE,REASON_CODE,REASON_TEXT
1,C987,SHORTEN THE INTEGRATION TIME,INTEGRATION PATTERNS,4,CI IS ASSOCIATED WITH A COMMIT PATTERN CHANGE | CI IS ASSOCIATED WITH A POSITIVE IMPACT ON INTEGRATION PRACTICE | CI IS RELATED TO NEGATIVE IMPACTS ON PULL REQUESTS LIFE-CYCLE | CI IS RELATED TO POSITIVE IMPACTS ON PULL REQUESTS LIFE-CYCLE,CI IS ASSOCIATED WITH A POSITIVE IMPACT ON INTEGRATION PRACTICE,0.75,ACCEPT,CI IS ASSOCIATED WITH A POSITIVE IMPACT ON INTEGRATION PRACTICE,R1,"The claim directly states that integration time is shortened, which is a positive impact on integration practice."
2,C1010,CI BUILT A SOLID FOUNDATION FOR QUANTITATIVE EVALUATION OF SOFTWARE PROGRESS,SOFTWARE PROCESS,8,CI FACILITATES THE TRANSITION TO AGILE | CI IS ASSOCIATED WITH A FEED BACK FREQUENCY INCREASE | CI IS ASSOCIATED WITH AN IMPROVEMENT IN PROCESS AUTOMATION | CI IS ASSOCIATED WITH AN IMPROVEMENT IN PROCESS RELIABILITY | CI IS ASSOCIATED WITH AN INCREASE IN COOPERATION | CI IS ASSOCIATED WITH SOFTWARE DEVELOPMENT BENEFITS | CI IS ASSOCIATED WITH TECHNICAL CHALLENGES | CI IS RELATED TO POSITIVE IMPACTS ON RELEASE CYCLE,CI IS ASSOCIATED WITH AN IMPROVEMENT IN PROCESS RELIABILITY,0.62,ACCEPT,CI IS ASSOCIATED WITH AN IMPROVEMENT IN PROCESS RELIABILITY,R1,"The claim mentions building a solid foundation for quantitative evaluation, which aligns with improving process reliability."
3,C921,CI -> IMPROVES PROJECT PREDICTABILITY,SOFTWARE PROCESS,8,CI FACILITATES THE TRANSITION TO AGILE | CI IS ASSOCIATED WITH A FEED BACK FREQUENCY INCREASE | CI IS ASSOCIATED WITH AN IMPROVEMENT IN PROCESS AUTOMATION | CI IS ASSOCIATED WITH AN IMPROVEMENT IN PROCESS RELIABILITY | CI IS ASSOCIATED WITH AN INCREASE IN COOPERATION | CI IS ASSOCIATED WITH SOFTWARE DEVELOPMENT BENEFITS | CI IS ASSOCIATED WITH TECHNICAL CHALLENGES | CI IS RELATED TO POSITIVE IMPACTS ON RELEASE CYCLE,CI IS ASSOCIATED WITH AN IMPROVEMENT IN PROCESS RELIABILITY,0.75,ACCEPT,CI IS ASSOCIATED WITH AN IMPROVEMENT IN PROCESS RELIABILITY,R1,"The claim directly states an improvement in project predictability, which is a facet of process reliability."
4,C994,CI SUPPORTS THE TEAM TO CATCH PROBLEMS AS EARLY AS POSSIBLE.,ISSUES AND DEFECTS,3,CI IS ASSOCIATED WITH A DECREASE IN TIME TO LEAD DEFECTS | CI IS ASSOCIATED WITH DEFECTS REDUCTION | CI IS ASSOCIATED WITH ISSUES REDUCTION,CI IS ASSOCIATED WITH A DECREASE IN TIME TO LEAD DEFECTS,0.75,ACCEPT,CI IS ASSOCIATED WITH A DECREASE IN TIME TO LEAD DEFECTS,R1,Catching problems early directly relates to decreasing the time to lead defects.
5,C1002,CI REQUIRES ADDITIONAL EFFORT,DEVELOPMENT ACTIVITIES,10,CI IS ASSOCIATED WITH A DECREASE IN MAGNETISM AND RETENTION | CI IS ASSOCIATED WITH A DECREASED PERCEPTION OF PRODUCTIVITY | CI IS ASSOCIATED WITH A WORKLOAD REDUCTION | CI IS ASSOCIATED WITH ADDING EXTRA COMPLEXITY | CI IS ASSOCIATED WITH AN IMPROVEMENT IN SATISFACTION | CI IS ASSOCIATED WITH CONFIDENCE IMPROVEMENT | CI IS ASSOCIATED WITH HUMAN CHALLENGES | CI IS ASSOCIATED WITH ORGANIZATIONAL CHALLENGES | CI IS RELATED TO PRODUCTIVITY AND EFFICIENCY INCREASING | CI MAY GENERATE A FALSE SENSE OF CONFIDENCE,CI IS ASSOCIATED WITH ADDING EXTRA COMPLEXITY,0.72,ACCEPT,CI IS ASSOCIATED WITH ADDING EXTRA COMPLEXITY,R1,Requiring additional effort is a form of adding extra complexity.
6,C905,DUVALL’S SEVEN CORNER STONES OF CONTINUOUS INTEGRATION IS DIFFICULT TO BE APPLIED FOR EMBEDDED SYSTEMS,SOFTWARE PROCESS,8,CI FACILITATES THE TRANSITION TO AGILE | CI IS ASSOCIATED WITH A FEED BACK FREQUENCY INCREASE | CI IS ASSOCIATED WITH AN IMPROVEMENT IN PROCESS AUTOMATION | CI IS ASSOCIATED WITH AN IMPROVEMENT IN PROCESS RELIABILITY | CI IS ASSOCIATED WITH AN INCREASE IN COOPERATION | CI IS ASSOCIATED WITH SOFTWARE DEVELOPMENT BENEFITS | CI IS ASSOCIATED WITH TECHNICAL CHALLENGES | CI IS RELATED TO POSITIVE IMPACTS ON RELEASE CYCLE,CI IS ASSOCIATED WITH TECHNICAL CHALLENGES,0.72,ACCEPT,CI IS ASSOCIATED WITH TECHNICAL CHALLENGES,R1,Difficulty in application is a technical challenge.
7,C959,CI FORCES MORE TEST EFFORT,QUALITY ASSURANCE,4,CI IS ASSOCIATED TO MULTI-ENVIRONMENT TESTS | CI IS ASSOCIATED WITH TO FAVOR CONTINUOUS REFACTORING | CI IS RELATED TO AN INCREASE QUALITY ASSESSMENT | CI IS RELATED TO POSITIVE IMPACTS ON TEST PRACTICE,CI IS RELATED TO POSITIVE IMPACTS ON TEST PRACTICE,0.72,UNSURE,UNSURE,R6,المطالبة تشير إلى جهد إضافي في الاختبار، والكود المقترح إيجابي ولا يعكس هذا المعنى، ولا يوجد كود بديل مناسب في القائمة، لذا لا يمكن الجزم.
8,C944,ONLY 51.3% OF THE PROJECTS DELIVER MERGED PRS MORE QUICKLY AFTER THE ADOPTION OF CI,INTEGRATION PATTERNS,4,CI IS ASSOCIATED WITH A COMMIT PATTERN CHANGE | CI IS ASSOCIATED WITH A POSITIVE IMPACT ON INTEGRATION PRACTICE | CI IS RELATED TO NEGATIVE IMPACTS ON PULL REQUESTS LIFE-CYCLE | CI IS RELATED TO POSITIVE IMPACTS ON PULL REQUESTS LIFE-CYCLE,CI IS RELATED TO NEGATIVE IMPACTS ON PULL REQUESTS LIFE-CYCLE,0.72,ACCEPT,CI IS RELATED TO NEGATIVE IMPACTS ON PULL REQUESTS LIFE-CYCLE,R1,"The claim highlights that only a slim majority (51.3%) see quicker PRs, implying a negative impact for the rest or a less-than-ideal situation."
9,C932,CONTINUOUS INTEGRATION TECHNIQUES REQUIRE DEVELOPERS A CERTAIN LEVEL OF DISCIPLINE,DEVELOPMENT ACTIVITIES,10,CI IS ASSOCIATED WITH A DECREASE IN MAGNETISM AND RETENTION | CI IS ASSOCIATED WITH A DECREASED PERCEPTION OF PRODUCTIVITY | CI IS ASSOCIATED WITH A WORKLOAD REDUCTION | CI IS ASSOCIATED WITH ADDING EXTRA COMPLEXITY | CI IS ASSOCIATED WITH AN IMPROVEMENT IN SATISFACTION | CI IS ASSOCIATED WITH CONFIDENCE IMPROVEMENT | CI IS ASSOCIATED WITH HUMAN CHALLENGES | CI IS ASSOCIATED WITH ORGANIZATIONAL CHALLENGES | CI IS RELATED TO PRODUCTIVITY AND EFFICIENCY INCREASING | CI MAY GENERATE A FALSE SENSE OF CONFIDENCE,CI IS ASSOCIATED WITH HUMAN CHALLENGES,0.72,ACCEPT,CI IS ASSOCIATED WITH HUMAN CHALLENGES,R1,Requiring a certain level of discipline is a challenge faced by humans (developers).
10,C1015,"CI BASED PROCESS AUTOMATION LETS THE TEST AND QA ENGINEERS TO BE INVOLVED IN THE DEVELOPMENT, CONTINUOUSLY",SOFTWARE PROCESS,8,CI FACILITATES THE TRANSITION TO AGILE | CI IS ASSOCIATED WITH A FEED BACK FREQUENCY INCREASE | CI IS ASSOCIATED WITH AN IMPROVEMENT IN PROCESS AUTOMATION | CI IS ASSOCIATED WITH AN IMPROVEMENT IN PROCESS RELIABILITY | CI IS ASSOCIATED WITH AN INCREASE IN COOPERATION | CI IS ASSOCIATED WITH SOFTWARE DEVELOPMENT BENEFITS | CI IS ASSOCIATED WITH TECHNICAL CHALLENGES | CI IS RELATED TO POSITIVE IMPACTS ON RELEASE CYCLE,CI IS ASSOCIATED WITH AN IMPROVEMENT IN PROCESS AUTOMATION,0.75,ACCEPT,CI IS ASSOCIATED WITH AN IMPROVEMENT IN PROCESS AUTOMATION,R1,The claim explicitly mentions 'CI based process automation' and its positive effect on involvement.
11,C939,CI IMPROVES CODE QUALITY,QUALITY ASSURANCE,4,CI IS ASSOCIATED TO MULTI-ENVIRONMENT TESTS | CI IS ASSOCIATED WITH TO FAVOR CONTINUOUS REFACTORING | CI IS RELATED TO AN INCREASE QUALITY ASSESSMENT | CI IS RELATED TO POSITIVE IMPACTS ON TEST PRACTICE,CI IS RELATED TO AN INCREASE QUALITY ASSESSMENT,0.75,ACCEPT,CI IS RELATED TO AN INCREASE QUALITY ASSESSMENT,R1,Improving code quality is a direct indicator of an increase in quality assessment.
12,C930,CI GENERATED TECHNICAL PROBLEMS IS PARTICULARLY CHALLENGING FOR ONBOARDING NEWCOMERS (SINCE THEY “DO NOT UNDERSTAND WHAT CI DOES AND WHAT IT DOESN’T”.),SOFTWARE PROCESS,8,CI FACILITATES THE TRANSITION TO AGILE | CI IS ASSOCIATED WITH A FEED BACK FREQUENCY INCREASE | CI IS ASSOCIATED WITH AN IMPROVEMENT IN PROCESS AUTOMATION | CI IS ASSOCIATED WITH AN IMPROVEMENT IN PROCESS RELIABILITY | CI IS ASSOCIATED WITH AN INCREASE IN COOPERATION | CI IS ASSOCIATED WITH SOFTWARE DEVELOPMENT BENEFITS | CI IS ASSOCIATED WITH TECHNICAL CHALLENGES | CI IS RELATED TO POSITIVE IMPACTS ON RELEASE CYCLE,CI IS ASSOCIATED WITH TECHNICAL CHALLENGES,0.75,ACCEPT,CI IS ASSOCIATED WITH TECHNICAL CHALLENGES,R1,"The claim centers on CI generating technical problems, which are a type of technical challenge."
13,C968,TEST ACROSS ALL PLATFORMS,QUALITY ASSURANCE,4,CI IS ASSOCIATED TO MULTI-ENVIRONMENT TESTS | CI IS ASSOCIATED WITH TO FAVOR CONTINUOUS REFACTORING | CI IS RELATED TO AN INCREASE QUALITY ASSESSMENT | CI IS RELATED TO POSITIVE IMPACTS ON TEST PRACTICE,CI IS ASSOCIATED TO MULTI-ENVIRONMENT TESTS,0.75,ACCEPT,CI IS ASSOCIATED TO MULTI-ENVIRONMENT TESTS,R1,"The claim directly mentions testing across all platforms, which is multi-environment testing."
14,C916,CI IMPROVES THE CAPACITY TO RELEASE CLEAN CODE (CLEAN RELEASE BUILDS),BUILD PATTERNS,2,CI IS ASSOCIATED WITH A DECREASING IN BUILD TIME | CI IS ASSOCIATED WITH BUILD HEALTH,CI IS RELATED TO POSITIVE IMPACTS ON RELEASE CYCLE,0.75,REJECT,CI IS ASSOCIATED WITH BUILD HEALTH,R4,"The model code is not in the available list for this theme. The claim is about clean release builds, which relates to build health."
15,C908,CI -> BENEFITS SOFTWARE DEVELOPMENT OF LARGE-SCALE SYSTEMS,SOFTWARE PROCESS,8,CI FACILITATES THE TRANSITION TO AGILE | CI IS ASSOCIATED WITH A FEED BACK FREQUENCY INCREASE | CI IS ASSOCIATED WITH AN IMPROVEMENT IN PROCESS AUTOMATION | CI IS ASSOCIATED WITH AN IMPROVEMENT IN PROCESS RELIABILITY | CI IS ASSOCIATED WITH AN INCREASE IN COOPERATION | CI IS ASSOCIATED WITH SOFTWARE DEVELOPMENT BENEFITS | CI IS ASSOCIATED WITH TECHNICAL CHALLENGES | CI IS RELATED TO POSITIVE IMPACTS ON RELEASE CYCLE,CI IS ASSOCIATED WITH SOFTWARE DEVELOPMENT BENEFITS,0.75,ACCEPT,CI IS ASSOCIATED WITH SOFTWARE DEVELOPMENT BENEFITS,R1,The claim directly states CI benefits software development.
16,C949,WE FIND THAT 75.9% (66/87) OF THE STUDIED PROJECTS TEND TO INCREASE THE NUMBER OF PR CONTRIBUTORS PER RELEASE AFTER ADOPTING CI.,SOFTWARE PROCESS,8,CI FACILITATES THE TRANSITION TO AGILE | CI IS ASSOCIATED WITH A FEED BACK FREQUENCY INCREASE | CI IS ASSOCIATED WITH AN IMPROVEMENT IN PROCESS AUTOMATION | CI IS ASSOCIATED WITH AN IMPROVEMENT IN PROCESS RELIABILITY | CI IS ASSOCIATED WITH AN INCREASE IN COOPERATION | CI IS ASSOCIATED WITH SOFTWARE DEVELOPMENT BENEFITS | CI IS ASSOCIATED WITH TECHNICAL CHALLENGES | CI IS RELATED TO POSITIVE IMPACTS ON RELEASE CYCLE,CI IS ASSOCIATED WITH AN INCREASE IN COOPERATION,0.75,ACCEPT,CI IS ASSOCIATED WITH AN INCREASE IN COOPERATION,R1,An increase in PR contributors is a form of increased cooperation.
17,C993,IMPROVE SOFTWARE QUALITY,QUALITY ASSURANCE,4,CI IS ASSOCIATED TO MULTI-ENVIRONMENT TESTS | CI IS ASSOCIATED WITH TO FAVOR CONTINUOUS REFACTORING | CI IS RELATED TO AN INCREASE QUALITY ASSESSMENT | CI IS RELATED TO POSITIVE IMPACTS ON TEST PRACTICE,CI IS ASSOCIATED WITH TO FAVOR CONTINUOUS REFACTORING,0.45,REJECT,CI IS RELATED TO AN INCREASE QUALITY ASSESSMENT,R5,"The model confidence is low (0.45). The claim is a general improvement of quality, which is best captured by an 'increase quality assessment'."
18,C1012,CI PROVIDED DETAILED INSIGHT FROM MANAGEMENT PERSPECTIVE,SOFTWARE PROCESS,8,CI FACILITATES THE TRANSITION TO AGILE | CI IS ASSOCIATED WITH A FEED BACK FREQUENCY INCREASE | CI IS ASSOCIATED WITH AN IMPROVEMENT IN PROCESS AUTOMATION | CI IS ASSOCIATED WITH AN IMPROVEMENT IN PROCESS RELIABILITY | CI IS ASSOCIATED WITH AN INCREASE IN COOPERATION | CI IS ASSOCIATED WITH SOFTWARE DEVELOPMENT BENEFITS | CI IS ASSOCIATED WITH TECHNICAL CHALLENGES | CI IS RELATED TO POSITIVE IMPACTS ON RELEASE CYCLE,CI IS ASSOCIATED WITH A FEED BACK FREQUENCY INCREASE,0.62,REJECT,CI IS ASSOCIATED WITH SOFTWARE DEVELOPMENT BENEFITS,R4,"Providing detailed insight from a management perspective is a benefit of software development, not a feedback frequency increase."
19,C1008,CI MAKES CAUGHT ISSUES EARLIER EVEN IN UNIT AND CSCI LEVEL TESTS,ISSUES AND DEFECTS,3,CI IS ASSOCIATED WITH A DECREASE IN TIME TO LEAD DEFECTS | CI IS ASSOCIATED WITH DEFECTS REDUCTION | CI IS ASSOCIATED WITH ISSUES REDUCTION,CI IS RELATED TO POSITIVE IMPACTS ON TEST PRACTICE,0.75,REJECT,CI IS ASSOCIATED WITH A DECREASE IN TIME TO LEAD DEFECTS,R4,The model code is not in the available list. Catching issues earlier directly relates to a decrease in time to lead defects.
20,C891,CI BRING CHALLENGES WHEN IMPLEMENTING IN PRACTICE,SOFTWARE PROCESS,8,CI FACILITATES THE TRANSITION TO AGILE | CI IS ASSOCIATED WITH A FEED BACK FREQUENCY INCREASE | CI IS ASSOCIATED WITH AN IMPROVEMENT IN PROCESS AUTOMATION | CI IS ASSOCIATED WITH AN IMPROVEMENT IN PROCESS RELIABILITY | CI IS ASSOCIATED WITH AN INCREASE IN COOPERATION | CI IS ASSOCIATED WITH SOFTWARE DEVELOPMENT BENEFITS | CI IS ASSOCIATED WITH TECHNICAL CHALLENGES | CI IS RELATED TO POSITIVE IMPACTS ON RELEASE CYCLE,CI IS ASSOCIATED WITH TECHNICAL CHALLENGES,0.72,ACCEPT,CI IS ASSOCIATED WITH TECHNICAL CHALLENGES,R1,Bringing challenges in practice is a technical challenge.
21,C990,CI IS A DOMINANT FACTOR OF PULL REQUEST LATENCY.,INTEGRATION PATTERNS,4,CI IS ASSOCIATED WITH A COMMIT PATTERN CHANGE | CI IS ASSOCIATED WITH A POSITIVE IMPACT ON INTEGRATION PRACTICE | CI IS RELATED TO NEGATIVE IMPACTS ON PULL REQUESTS LIFE-CYCLE | CI IS RELATED TO POSITIVE IMPACTS ON PULL REQUESTS LIFE-CYCLE,CI IS RELATED TO POSITIVE IMPACTS ON PULL REQUESTS LIFE-CYCLE,0.72,REJECT,CI IS RELATED TO NEGATIVE IMPACTS ON PULL REQUESTS LIFE-CYCLE,R4,"Latency is a negative impact on the PR lifecycle, not a positive one."
22,C901,CI INCREASES NORMALIZED BUGS RESOLVED [OSS PROJECTS],ISSUES AND DEFECTS,3,CI IS ASSOCIATED WITH A DECREASE IN TIME TO LEAD DEFECTS | CI IS ASSOCIATED WITH DEFECTS REDUCTION | CI IS ASSOCIATED WITH ISSUES REDUCTION,CI IS ASSOCIATED WITH DEFECTS REDUCTION,0.75,ACCEPT,CI IS ASSOCIATED WITH DEFECTS REDUCTION,R1,Increasing bugs resolved means reducing the number of open defects.
23,C893,CI INCREASES COMMIT SIZE [FOR OSS PROJECTS],INTEGRATION PATTERNS,4,CI IS ASSOCIATED WITH A COMMIT PATTERN CHANGE | CI IS ASSOCIATED WITH A POSITIVE IMPACT ON INTEGRATION PRACTICE | CI IS RELATED TO NEGATIVE IMPACTS ON PULL REQUESTS LIFE-CYCLE | CI IS RELATED TO POSITIVE IMPACTS ON PULL REQUESTS LIFE-CYCLE,CI IS ASSOCIATED WITH A COMMIT PATTERN CHANGE,0.72,ACCEPT,CI IS ASSOCIATED WITH A COMMIT PATTERN CHANGE,R1,Increasing commit size is a change in the pattern of commits.
24,C978,"CI ALLOWS RUNNING THE TESTS IN THE CLOUD, FREEING UP PERSONAL MACHINES",QUALITY ASSURANCE,4,CI IS ASSOCIATED TO MULTI-ENVIRONMENT TESTS | CI IS ASSOCIATED WITH TO FAVOR CONTINUOUS REFACTORING | CI IS RELATED TO AN INCREASE QUALITY ASSESSMENT | CI IS RELATED TO POSITIVE IMPACTS ON TEST PRACTICE,CI IS ASSOCIATED WITH AN IMPROVEMENT IN PROCESS AUTOMATION,0.75,REJECT,CI IS ASSOCIATED TO MULTI-ENVIRONMENT TESTS,R4,The model code is not in the available list. Running tests in the cloud is a form of multi-environment testing.
25,C998,IMPROVE COMMUNICATION,SOFTWARE PROCESS,8,CI FACILITATES THE TRANSITION TO AGILE | CI IS ASSOCIATED WITH A FEED BACK FREQUENCY INCREASE | CI IS ASSOCIATED WITH AN IMPROVEMENT IN PROCESS AUTOMATION | CI IS ASSOCIATED WITH AN IMPROVEMENT IN PROCESS RELIABILITY | CI IS ASSOCIATED WITH AN INCREASE IN COOPERATION | CI IS ASSOCIATED WITH SOFTWARE DEVELOPMENT BENEFITS | CI IS ASSOCIATED WITH TECHNICAL CHALLENGES | CI IS RELATED TO POSITIVE IMPACTS ON RELEASE CYCLE,CI IS ASSOCIATED WITH AN INCREASE IN COOPERATION,0.45,ACCEPT,CI IS ASSOCIATED WITH AN INCREASE IN COOPERATION,R5,"Despite low confidence, improved communication is a key part of increased cooperation."
26,C1003,CI IMPLY MONETARY COSTS,DEVELOPMENT ACTIVITIES,10,CI IS ASSOCIATED WITH A DECREASE IN MAGNETISM AND RETENTION | CI IS ASSOCIATED WITH A DECREASED PERCEPTION OF PRODUCTIVITY | CI IS ASSOCIATED WITH A WORKLOAD REDUCTION | CI IS ASSOCIATED WITH ADDING EXTRA COMPLEXITY | CI IS ASSOCIATED WITH AN IMPROVEMENT IN SATISFACTION | CI IS ASSOCIATED WITH CONFIDENCE IMPROVEMENT | CI IS ASSOCIATED WITH HUMAN CHALLENGES | CI IS ASSOCIATED WITH ORGANIZATIONAL CHALLENGES | CI IS RELATED TO PRODUCTIVITY AND EFFICIENCY INCREASING | CI MAY GENERATE A FALSE SENSE OF CONFIDENCE,CI IS ASSOCIATED WITH ADDING EXTRA COMPLEXITY,0.35,REJECT,CI IS ASSOCIATED WITH ORGANIZATIONAL CHALLENGES,R5,The model confidence is very low (0.35). Monetary costs are organizational challenges.
27,C947,71.3% (62/87) OF THE PROJECTS INCREASE PR SUBMISSIONS AFTER ADOPTING CI.,INTEGRATION PATTERNS,4,CI IS ASSOCIATED WITH A COMMIT PATTERN CHANGE | CI IS ASSOCIATED WITH A POSITIVE IMPACT ON INTEGRATION PRACTICE | CI IS RELATED TO NEGATIVE IMPACTS ON PULL REQUESTS LIFE-CYCLE | CI IS RELATED TO POSITIVE IMPACTS ON PULL REQUESTS LIFE-CYCLE,CI IS ASSOCIATED WITH A COMMIT PATTERN CHANGE,0.75,ACCEPT,CI IS ASSOCIATED WITH A COMMIT PATTERN CHANGE,R1,An increase in PR submissions is a change in the commit/PR pattern.
28,C950,CI IS RELATED TO SMALL MERGE COMMITS,INTEGRATION PATTERNS,4,CI IS ASSOCIATED WITH A COMMIT PATTERN CHANGE | CI IS ASSOCIATED WITH A POSITIVE IMPACT ON INTEGRATION PRACTICE | CI IS RELATED TO NEGATIVE IMPACTS ON PULL REQUESTS LIFE-CYCLE | CI IS RELATED TO POSITIVE IMPACTS ON PULL REQUESTS LIFE-CYCLE,CI IS ASSOCIATED WITH A COMMIT PATTERN CHANGE,0.72,ACCEPT,CI IS ASSOCIATED WITH A COMMIT PATTERN CHANGE,R1,Small merge commits are a specific change in commit pattern.
29,C925,CI IMPROVES QUALITY,QUALITY ASSURANCE,4,CI IS ASSOCIATED TO MULTI-ENVIRONMENT TESTS | CI IS ASSOCIATED WITH TO FAVOR CONTINUOUS REFACTORING | CI IS RELATED TO AN INCREASE QUALITY ASSESSMENT | CI IS RELATED TO POSITIVE IMPACTS ON TEST PRACTICE,CI IS RELATED TO AN INCREASE QUALITY ASSESSMENT,0.75,ACCEPT,CI IS RELATED TO AN INCREASE QUALITY ASSESSMENT,R1,Improving quality is directly related to an increase in quality assessment.
30,C982,CI CAUSE LESS TIME DEBUGGING,DEVELOPMENT ACTIVITIES,10,CI IS ASSOCIATED WITH A DECREASE IN MAGNETISM AND RETENTION | CI IS ASSOCIATED WITH A DECREASED PERCEPTION OF PRODUCTIVITY | CI IS ASSOCIATED WITH A WORKLOAD REDUCTION | CI IS ASSOCIATED WITH ADDING EXTRA COMPLEXITY | CI IS ASSOCIATED WITH AN IMPROVEMENT IN SATISFACTION | CI IS ASSOCIATED WITH CONFIDENCE IMPROVEMENT | CI IS ASSOCIATED WITH HUMAN CHALLENGES | CI IS ASSOCIATED WITH ORGANIZATIONAL CHALLENGES | CI IS RELATED TO PRODUCTIVITY AND EFFICIENCY INCREASING | CI MAY GENERATE A FALSE SENSE OF CONFIDENCE,CI IS ASSOCIATED WITH A DECREASE IN TIME TO LEAD DEFECTS,0.72,REJECT,CI IS ASSOCIATED WITH A WORKLOAD REDUCTION,R4,The model code is not in the available list. Less time debugging means a workload reduction.
31,C953,"CI IS RELATED TO AN INCREASING TREND IN THE NUMBER OF ISSUES CLOSED PER TIME PERIOD,",ISSUES AND DEFECTS,3,CI IS ASSOCIATED WITH A DECREASE IN TIME TO LEAD DEFECTS | CI IS ASSOCIATED WITH DEFECTS REDUCTION | CI IS ASSOCIATED WITH ISSUES REDUCTION,CI IS ASSOCIATED WITH ISSUES REDUCTION,0.75,ACCEPT,CI IS ASSOCIATED WITH ISSUES REDUCTION,R1,An increasing trend in issues closed per time period means issues are being reduced.
32,C924,CI HELPS TO CATCH PROBLEMS AS EARLY AS POSSIBLE,QUALITY ASSURANCE,4,CI IS ASSOCIATED TO MULTI-ENVIRONMENT TESTS | CI IS ASSOCIATED WITH TO FAVOR CONTINUOUS REFACTORING | CI IS RELATED TO AN INCREASE QUALITY ASSESSMENT | CI IS RELATED TO POSITIVE IMPACTS ON TEST PRACTICE,CI IS ASSOCIATED WITH A DECREASE IN TIME TO LEAD DEFECTS,0.75,REJECT,CI IS RELATED TO POSITIVE IMPACTS ON TEST PRACTICE,R4,The model code is not in the available list. Catching problems early is a positive impact on test practice.
33,C920,CI -> IMPROVES COMMUNICATION INTER-TEAM,SOFTWARE PROCESS,8,CI FACILITATES THE TRANSITION TO AGILE | CI IS ASSOCIATED WITH A FEED BACK FREQUENCY INCREASE | CI IS ASSOCIATED WITH AN IMPROVEMENT IN PROCESS AUTOMATION | CI IS ASSOCIATED WITH AN IMPROVEMENT IN PROCESS RELIABILITY | CI IS ASSOCIATED WITH AN INCREASE IN COOPERATION | CI IS ASSOCIATED WITH SOFTWARE DEVELOPMENT BENEFITS | CI IS ASSOCIATED WITH TECHNICAL CHALLENGES | CI IS RELATED TO POSITIVE IMPACTS ON RELEASE CYCLE,CI IS ASSOCIATED WITH AN INCREASE IN COOPERATION,0.72,ACCEPT,CI IS ASSOCIATED WITH AN INCREASE IN COOPERATION,R1,Improving inter-team communication is a form of increased cooperation.
34,C951,CI IS RELATED TO AN INCREASE OF MERGE COMMITS,INTEGRATION PATTERNS,4,CI IS ASSOCIATED WITH A COMMIT PATTERN CHANGE | CI IS ASSOCIATED WITH A POSITIVE IMPACT ON INTEGRATION PRACTICE | CI IS RELATED TO NEGATIVE IMPACTS ON PULL REQUESTS LIFE-CYCLE | CI IS RELATED TO POSITIVE IMPACTS ON PULL REQUESTS LIFE-CYCLE,CI IS ASSOCIATED WITH A COMMIT PATTERN CHANGE,0.72,ACCEPT,CI IS ASSOCIATED WITH A COMMIT PATTERN CHANGE,R1,An increase of merge commits is a change in commit pattern.
35,C973,CONTINUOUS INTEGRATION IS NOT APPLIED DURING CRITICAL PERIODS FOR SOME DOMAIN (FINANCIAL AND E-COMMERCE),DEVELOPMENT ACTIVITIES,10,CI IS ASSOCIATED WITH A DECREASE IN MAGNETISM AND RETENTION | CI IS ASSOCIATED WITH A DECREASED PERCEPTION OF PRODUCTIVITY | CI IS ASSOCIATED WITH A WORKLOAD REDUCTION | CI IS ASSOCIATED WITH ADDING EXTRA COMPLEXITY | CI IS ASSOCIATED WITH AN IMPROVEMENT IN SATISFACTION | CI IS ASSOCIATED WITH CONFIDENCE IMPROVEMENT | CI IS ASSOCIATED WITH HUMAN CHALLENGES | CI IS ASSOCIATED WITH ORGANIZATIONAL CHALLENGES | CI IS RELATED TO PRODUCTIVITY AND EFFICIENCY INCREASING | CI MAY GENERATE A FALSE SENSE OF CONFIDENCE,CI IS ASSOCIATED WITH ORGANIZATIONAL CHALLENGES,0.45,ACCEPT,CI IS ASSOCIATED WITH ORGANIZATIONAL CHALLENGES,R1,Not applying CI during critical periods is an organizational challenge or decision.
36,C897,CI REDUCES THE CHECKIN OVERHEAD,DEVELOPMENT ACTIVITIES,10,CI IS ASSOCIATED WITH A DECREASE IN MAGNETISM AND RETENTION | CI IS ASSOCIATED WITH A DECREASED PERCEPTION OF PRODUCTIVITY | CI IS ASSOCIATED WITH A WORKLOAD REDUCTION | CI IS ASSOCIATED WITH ADDING EXTRA COMPLEXITY | CI IS ASSOCIATED WITH AN IMPROVEMENT IN SATISFACTION | CI IS ASSOCIATED WITH CONFIDENCE IMPROVEMENT | CI IS ASSOCIATED WITH HUMAN CHALLENGES | CI IS ASSOCIATED WITH ORGANIZATIONAL CHALLENGES | CI IS RELATED TO PRODUCTIVITY AND EFFICIENCY INCREASING | CI MAY GENERATE A FALSE SENSE OF CONFIDENCE,CI IS ASSOCIATED WITH A WORKLOAD REDUCTION,0.75,ACCEPT,CI IS ASSOCIATED WITH A WORKLOAD REDUCTION,R1,Reducing checkin overhead is a workload reduction.
37,C895,CI USAGE IS ASSOCIATED WITH HIGH CLASS TEST COVERAGE,QUALITY ASSURANCE,4,CI IS ASSOCIATED TO MULTI-ENVIRONMENT TESTS | CI IS ASSOCIATED WITH TO FAVOR CONTINUOUS REFACTORING | CI IS RELATED TO AN INCREASE QUALITY ASSESSMENT | CI IS RELATED TO POSITIVE IMPACTS ON TEST PRACTICE,CI IS RELATED TO POSITIVE IMPACTS ON TEST PRACTICE,0.75,ACCEPT,CI IS RELATED TO POSITIVE IMPACTS ON TEST PRACTICE,R1,High class test coverage is a positive impact on test practice.
38,C995,ENFORCE AUTOMATED SOFTWARE TESTING,QUALITY ASSURANCE,4,CI IS ASSOCIATED TO MULTI-ENVIRONMENT TESTS | CI IS ASSOCIATED WITH TO FAVOR CONTINUOUS REFACTORING | CI IS RELATED TO AN INCREASE QUALITY ASSESSMENT | CI IS RELATED TO POSITIVE IMPACTS ON TEST PRACTICE,CI IS RELATED TO POSITIVE IMPACTS ON TEST PRACTICE,0.75,ACCEPT,CI IS RELATED TO POSITIVE IMPACTS ON TEST PRACTICE,R1,Enforcing automated testing is a positive impact on test practice.
39,C903,CI ENCOURAGES DEVELOPERS TO GIVE VERY HIGH PRIORITY TO FIX BUILD BREAKAGES.,BUILD PATTERNS,2,CI IS ASSOCIATED WITH A DECREASING IN BUILD TIME | CI IS ASSOCIATED WITH BUILD HEALTH,CI IS ASSOCIATED WITH A COMMIT PATTERN CHANGE,0.72,REJECT,CI IS ASSOCIATED WITH BUILD HEALTH,R4,The model code is not in the available list. Fixing build breakages is about maintaining build health.
40,C960,THE COGNITIVE TRACTABILITY OF THE PROGRAMMING TASK IS INCREASED BY THE SINGLE-PROGRAMMER ASSUMPTION.,DEVELOPMENT ACTIVITIES,10,CI IS ASSOCIATED WITH A DECREASE IN MAGNETISM AND RETENTION | CI IS ASSOCIATED WITH A DECREASED PERCEPTION OF PRODUCTIVITY | CI IS ASSOCIATED WITH A WORKLOAD REDUCTION | CI IS ASSOCIATED WITH ADDING EXTRA COMPLEXITY | CI IS ASSOCIATED WITH AN IMPROVEMENT IN SATISFACTION | CI IS ASSOCIATED WITH CONFIDENCE IMPROVEMENT | CI IS ASSOCIATED WITH HUMAN CHALLENGES | CI IS ASSOCIATED WITH ORGANIZATIONAL CHALLENGES | CI IS RELATED TO PRODUCTIVITY AND EFFICIENCY INCREASING | CI MAY GENERATE A FALSE SENSE OF CONFIDENCE,CI IS ASSOCIATED WITH SOFTWARE DEVELOPMENT BENEFITS,0.35,REJECT,CI IS ASSOCIATED WITH CONFIDENCE IMPROVEMENT,R4,The model code is not in the available list. Increased tractability implies a confidence improvement for the programmer.
41,C1007,CI BROUGHT INCREASED VISIBILITY ENABLING GREATER COMMUNICATION AMONG THE RELEVANT STAKEHOLDERS.,SOFTWARE PROCESS,8,CI FACILITATES THE TRANSITION TO AGILE | CI IS ASSOCIATED WITH A FEED BACK FREQUENCY INCREASE | CI IS ASSOCIATED WITH AN IMPROVEMENT IN PROCESS AUTOMATION | CI IS ASSOCIATED WITH AN IMPROVEMENT IN PROCESS RELIABILITY | CI IS ASSOCIATED WITH AN INCREASE IN COOPERATION | CI IS ASSOCIATED WITH SOFTWARE DEVELOPMENT BENEFITS | CI IS ASSOCIATED WITH TECHNICAL CHALLENGES | CI IS RELATED TO POSITIVE IMPACTS ON RELEASE CYCLE,CI IS ASSOCIATED WITH AN INCREASE IN COOPERATION,0.75,ACCEPT,CI IS ASSOCIATED WITH AN INCREASE IN COOPERATION,R1,Greater communication among stakeholders is an increase in cooperation.
42,C937,CI REDUCES THE TURNAROUND TIME FOR RESOLVING BROKEN BUILDS,ISSUES AND DEFECTS,3,CI IS ASSOCIATED WITH A DECREASE IN TIME TO LEAD DEFECTS | CI IS ASSOCIATED WITH DEFECTS REDUCTION | CI IS ASSOCIATED WITH ISSUES REDUCTION,CI IS ASSOCIATED WITH A DECREASE IN TIME TO LEAD DEFECTS,0.75,ACCEPT,CI IS ASSOCIATED WITH A DECREASE IN TIME TO LEAD DEFECTS,R1,Reducing turnaround time for resolving broken builds is a decrease in time to lead defects.
43,C958,THE COMMUNICATION REQUIRED BY PROACTIVE INCONSISTENCY MITIGATION IS AVOIDED,SOFTWARE PROCESS,8,CI FACILITATES THE TRANSITION TO AGILE | CI IS ASSOCIATED WITH A FEED BACK FREQUENCY INCREASE | CI IS ASSOCIATED WITH AN IMPROVEMENT IN PROCESS AUTOMATION | CI IS ASSOCIATED WITH AN IMPROVEMENT IN PROCESS RELIABILITY | CI IS ASSOCIATED WITH AN INCREASE IN COOPERATION | CI IS ASSOCIATED WITH SOFTWARE DEVELOPMENT BENEFITS | CI IS ASSOCIATED WITH TECHNICAL CHALLENGES | CI IS RELATED TO POSITIVE IMPACTS ON RELEASE CYCLE,CI IS ASSOCIATED WITH AN INCREASE IN COOPERATION,0.35,REJECT,CI IS ASSOCIATED WITH AN IMPROVEMENT IN PROCESS AUTOMATION,R5,"The claim is about avoiding communication, which is the opposite of cooperation. It implies a process improvement."
44,C933,ADDITIONAL EFFORT WAS ALSO EVIDENCED WHEN APPLY CI,DEVELOPMENT ACTIVITIES,10,CI IS ASSOCIATED WITH A DECREASE IN MAGNETISM AND RETENTION | CI IS ASSOCIATED WITH A DECREASED PERCEPTION OF PRODUCTIVITY | CI IS ASSOCIATED WITH A WORKLOAD REDUCTION | CI IS ASSOCIATED WITH ADDING EXTRA COMPLEXITY | CI IS ASSOCIATED WITH AN IMPROVEMENT IN SATISFACTION | CI IS ASSOCIATED WITH CONFIDENCE IMPROVEMENT | CI IS ASSOCIATED WITH HUMAN CHALLENGES | CI IS ASSOCIATED WITH ORGANIZATIONAL CHALLENGES | CI IS RELATED TO PRODUCTIVITY AND EFFICIENCY INCREASING | CI MAY GENERATE A FALSE SENSE OF CONFIDENCE,CI IS ASSOCIATED WITH ADDING EXTRA COMPLEXITY,0.72,ACCEPT,CI IS ASSOCIATED WITH ADDING EXTRA COMPLEXITY,R1,Additional effort is a form of adding extra complexity.
45,C957,THE COGNITIVELY DIFFICULT TASK OF INCONSISTENCY PREDICTION IS ABANDONED,DEVELOPMENT ACTIVITIES,10,CI IS ASSOCIATED WITH A DECREASE IN MAGNETISM AND RETENTION | CI IS ASSOCIATED WITH A DECREASED PERCEPTION OF PRODUCTIVITY | CI IS ASSOCIATED WITH A WORKLOAD REDUCTION | CI IS ASSOCIATED WITH ADDING EXTRA COMPLEXITY | CI IS ASSOCIATED WITH AN IMPROVEMENT IN SATISFACTION | CI IS ASSOCIATED WITH CONFIDENCE IMPROVEMENT | CI IS ASSOCIATED WITH HUMAN CHALLENGES | CI IS ASSOCIATED WITH ORGANIZATIONAL CHALLENGES | CI IS RELATED TO PRODUCTIVITY AND EFFICIENCY INCREASING | CI MAY GENERATE A FALSE SENSE OF CONFIDENCE,CI IS ASSOCIATED WITH A WORKLOAD REDUCTION,0.72,ACCEPT,CI IS ASSOCIATED WITH A WORKLOAD REDUCTION,R1,Abandoning a difficult task means a reduction in workload.
46,C967,CI ENFORCES A SPECIFIC WORKFLOW,SOFTWARE PROCESS,8,CI FACILITATES THE TRANSITION TO AGILE | CI IS ASSOCIATED WITH A FEED BACK FREQUENCY INCREASE | CI IS ASSOCIATED WITH AN IMPROVEMENT IN PROCESS AUTOMATION | CI IS ASSOCIATED WITH AN IMPROVEMENT IN PROCESS RELIABILITY | CI IS ASSOCIATED WITH AN INCREASE IN COOPERATION | CI IS ASSOCIATED WITH SOFTWARE DEVELOPMENT BENEFITS | CI IS ASSOCIATED WITH TECHNICAL CHALLENGES | CI IS RELATED TO POSITIVE IMPACTS ON RELEASE CYCLE,CI IS ASSOCIATED WITH AN IMPROVEMENT IN PROCESS RELIABILITY,0.45,REJECT,CI IS ASSOCIATED WITH AN IMPROVEMENT IN PROCESS AUTOMATION,R4,"Enforcing a workflow is an automation of the process, not reliability."
47,C913,"WHEN EVERYTHING IS A MOVING TARGET, CONTINUOUS INTEGRATION CAN PROVIDE STABLE GROUND",SOFTWARE PROCESS,8,CI FACILITATES THE TRANSITION TO AGILE | CI IS ASSOCIATED WITH A FEED BACK FREQUENCY INCREASE | CI IS ASSOCIATED WITH AN IMPROVEMENT IN PROCESS AUTOMATION | CI IS ASSOCIATED WITH AN IMPROVEMENT IN PROCESS RELIABILITY | CI IS ASSOCIATED WITH AN INCREASE IN COOPERATION | CI IS ASSOCIATED WITH SOFTWARE DEVELOPMENT BENEFITS | CI IS ASSOCIATED WITH TECHNICAL CHALLENGES | CI IS RELATED TO POSITIVE IMPACTS ON RELEASE CYCLE,CI IS ASSOCIATED WITH AN IMPROVEMENT IN PROCESS RELIABILITY,0.75,ACCEPT,CI IS ASSOCIATED WITH AN IMPROVEMENT IN PROCESS RELIABILITY,R1,Providing stable ground is an improvement in process reliability.
48,C896,LACK OF SUPPORT FOR NEEDED TECHNOLOGY IS ASSOCIATED WITH AN INCREASE RISK OF ABANDONING,SOFTWARE PROCESS,8,CI FACILITATES THE TRANSITION TO AGILE | CI IS ASSOCIATED WITH A FEED BACK FREQUENCY INCREASE | CI IS ASSOCIATED WITH AN IMPROVEMENT IN PROCESS AUTOMATION | CI IS ASSOCIATED WITH AN IMPROVEMENT IN PROCESS RELIABILITY | CI IS ASSOCIATED WITH AN INCREASE IN COOPERATION | CI IS ASSOCIATED WITH SOFTWARE DEVELOPMENT BENEFITS | CI IS ASSOCIATED WITH TECHNICAL CHALLENGES | CI IS RELATED TO POSITIVE IMPACTS ON RELEASE CYCLE,CI IS ASSOCIATED WITH TECHNICAL CHALLENGES,0.72,ACCEPT,CI IS ASSOCIATED WITH TECHNICAL CHALLENGES,R1,Lack of support for technology is a technical challenge.
49,C919,CI -> IMPROVES COMMUNICATION INTRA-TEAM,SOFTWARE PROCESS,8,CI FACILITATES THE TRANSITION TO AGILE | CI IS ASSOCIATED WITH A FEED BACK FREQUENCY INCREASE | CI IS ASSOCIATED WITH AN IMPROVEMENT IN PROCESS AUTOMATION | CI IS ASSOCIATED WITH AN IMPROVEMENT IN PROCESS RELIABILITY | CI IS ASSOCIATED WITH AN INCREASE IN COOPERATION | CI IS ASSOCIATED WITH SOFTWARE DEVELOPMENT BENEFITS | CI IS ASSOCIATED WITH TECHNICAL CHALLENGES | CI IS RELATED TO POSITIVE IMPACTS ON RELEASE CYCLE,CI IS ASSOCIATED WITH AN INCREASE IN COOPERATION,0.72,ACCEPT,CI IS ASSOCIATED WITH AN INCREASE IN COOPERATION,R1,Improving intra-team communication is an increase in cooperation.
