Deductive Coding Annotation Sheet — Annotator 1,,,,
"Instructions: For each claim, assign ONE code from the taxonomy sheet. Write the exact code name in column D. Leave column E for comments if uncertain.",,,,
#,Claim ID,Claim Text,Your Code,Notes (optional)
▸  Theme: Build Patterns,,,,
1,C986,SHORTEN THE BUILD TIME,,
2,C916,CI IMPROVES THE CAPACITY TO RELEASE CLEAN CODE (CLEAN RELEASE BUILDS),,
3,C903,CI ENCOURAGES DEVELOPERS TO GIVE VERY HIGH PRIORITY TO FIX BUILD BREAKAGES.,,
4,C985,DECREASES BUILD BREAKAGE,,
5,C915,CI INCREASES THE PROPORTION OF SUCCESSFUL BUILDS,,
▸  Theme: Development Activities,,,,
6,C955,MAGNETISM AND STICKINESS VALUES TEND TO DROP AFTER TRAVIS CI HAS BEEN ADOPTED,,
7,C956,THE CI ADOPTION LEADS TO A WORSENING IN THE PERCEIVED TEAM PRODUCTIVITY.,,
8,C957,THE COGNITIVELY DIFFICULT TASK OF INCONSISTENCY PREDICTION IS ABANDONED,,
9,C897,CI REDUCES THE CHECKIN OVERHEAD,,
10,C1014,CI DECREASED TEAM WORKLOAD FOR PAPERWORK,,
11,C1003,CI IMPLY MONETARY COSTS,,
12,C898,"THE STUDY ALSO INDICATES THAT CI IS ASSOCIATED WITH ADDING EXTRA COMPLEXITY, AS IN MANY PULL REQUESTS DEVELOPERS HAVE TO SOLVE NON-TRIVIAL CI CONFIGURATION ISSUES.",,
13,C933,ADDITIONAL EFFORT WAS ALSO EVIDENCED WHEN APPLY CI,,
14,C1002,CI REQUIRES ADDITIONAL EFFORT,,
15,C894,"THE MORE CONTINUOUS INTEGRATION IS PRESENT WITHIN THE SYSTEMS DEVELOPMENT PROCESS, THE GREATER THE STAKEHOLDER SATISFACTION",,
16,C960,THE COGNITIVE TRACTABILITY OF THE PROGRAMMING TASK IS INCREASED BY THE SINGLE-PROGRAMMER ASSUMPTION.,,
17,C975,MAKES THE TEAM LESS WORRIED ABOUT BREAKING THE BUILD,,
18,C907,CONTINUOUS INTEGRATION INCREASES THE CONFIDENCE ABOUT THE QUALITY.,,
19,C928,CONTINUOUS INTEGRATION GIVES MORE CONFIDENCE TO PERFORM REQUIRED CODE CHANGES,,
20,C962,CI -> LESS WORRY ABOUT BREAKING THE BUILD,,
21,C1000,CI IMPROVES THE DEVELOPER'S CONFIDENCE TO PERFORM THE REQUIRED CODE CHANGES.,,
22,C932,CONTINUOUS INTEGRATION TECHNIQUES REQUIRE DEVELOPERS A CERTAIN LEVEL OF DISCIPLINE,,
23,C973,CONTINUOUS INTEGRATION IS NOT APPLIED DURING CRITICAL PERIODS FOR SOME DOMAIN (FINANCIAL AND E-COMMERCE),,
24,C982,CI CAUSE LESS TIME DEBUGGING,,
25,C904,CD INCREASES THE THROUGHPUT PER  DEVELOPER,,
26,C936,CI IMPROVES PRODUCTIVITY,,
27,C941,CI INCREASES DEVELOPER PRODUCTIVITY (MENTION CONTINUOUS INTEGRATION AND CONTINUOUS DEPLOYMENT AS MAJOR BUILDING BLOCKS OF AN EFFICIENT AUTOMATED LOOP COMPRISING DIFFERENT FULFILLMENT LEVELS),,
28,C906,CONTINUOUS INTEGRATION INCREASES DEVELOPMENT EFFICIENCY,,
29,C922,CI CONTRIBUTES   TO   INCREASED   DEVELOPER   PRODUCTIVITY (AS   AN  EFFECT  OF FACILITATING PARALLEL  DEVELOPMENT IN THE SAME  SOURCE   CONTEXT),,
30,C992,CI  SPEED UP DEVELOPMENT PRACTICE,,
31,C972,PROJECTS WITH CI ARE MORE PRODUCTIVE,,
32,C1004,"CI MAY BE CHALLENGING BY FLAKY TESTS (EG, “TESTS CAN SOMETIMES BE FLAKY, WHICH IS FRUSTRATING ”)",,
33,C931,ANOTHER RECURRING PROBLEM OF CI IS THE FALSE SENSE OF CONFIDENCE,,
34,C1001,CI IS ASSOCIATED TO A FALSE SENSE OF CONFIDENCE (AS A SITUATION WHERE DEVELOPERS BLINDLY TRUST THE TESTS).,,
▸  Theme: Integration Patterns,,,,
35,C892,CI INCREASES NORMALIZED COMMIT FREQUENCY [FOR OSS PROJECTS],,
36,C893,CI INCREASES COMMIT SIZE [FOR OSS PROJECTS],,
37,C950,CI IS RELATED TO SMALL MERGE COMMITS,,
38,C951,CI IS RELATED TO AN INCREASE OF MERGE COMMITS,,
39,C987,SHORTEN THE INTEGRATION TIME,,
40,C966,CI MAKES INTEGRATION EASIER.,,
41,C980,CI MAKES INTEGRATION EASIER,,
42,C946,"SURPRISINGLY, IN 54% OF THE PROJECTS, PRS HAVE A LONGER LIFETIME AFTER ADOPTING CI",,
43,C945,"IN 73% (46/63) OF THE PROJECTS, PRS ARE MERGED FASTER BEFORE ADOPTING CI",,
44,C948,AFTER ADOPTING CI PROJECTS DELIVER 3.43 TIMES MORE PRS PER RELEASE THAN BEFORE CI,,
45,C940,CI CAN HELP DETECT MERGING ISSUES EARLY AND EASILY,,
46,C944,ONLY 51.3% OF THE PROJECTS DELIVER MERGED PRS MORE QUICKLY AFTER THE ADOPTION OF CI,,
47,C947,71.3% (62/87) OF THE PROJECTS INCREASE PR SUBMISSIONS AFTER ADOPTING CI.,,
48,C990,CI IS A DOMINANT FACTOR OF PULL REQUEST LATENCY.,,
49,C983,HELPS TO REJECT PROBLEMATIC PR,,
50,C914,"CI IS A DOMINANT FACTOR OF PULL-REQUEST ACCEPTANCE AND LATENCY. (THE PULL-REQUESTS WITH CI FAILURES HAVE ABOUT 89.6% GREATER ODDS OF BEING REJECTED EVENTUALLY.; FOR PULL-REQUEST LATENCY, THE CI RUNNING TIME IS HIGHLY SIGNIFICANT AND COVERS MORE THAN 21% OF THE VARIANCE EXPLAINED.)",,
51,C952,MORE PRS ARE BEING CLOSED AFTER ADOPTING CI,,
52,C977,"CI BUILD STATUS CAN MAKE INTEGRATING PULL REQUESTS FASTER. WHEN USING CI, THE MEDIAN PULL REQUEST IS ACCEPTED 1.6 HOURS SOONER.",,
▸  Theme: Issues And Defects,,,,
53,C974,CI HELPS TO CATCH BUGS EARLY,,
54,C961,CI HELPS CATCH BUGS EARLIER,,
55,C1008,CI MAKES CAUGHT ISSUES EARLIER EVEN IN UNIT AND CSCI LEVEL TESTS,,
56,C994,CI SUPPORTS THE TEAM TO CATCH PROBLEMS AS EARLY AS POSSIBLE.,,
57,C937,CI REDUCES THE TURNAROUND TIME FOR RESOLVING BROKEN BUILDS,,
58,C918,TDD AND CI HELPED IN REDUCING THE TIME TO FIND AND FIX THE DEFECTS,,
59,C1005,CD DECREASES THE DEFECT REPORT,,
60,C901,CI INCREASES NORMALIZED BUGS RESOLVED [OSS PROJECTS],,
61,C943,CORE DEVELOPERS IN TEAMS USING CI ARE ABLE TO DISCOVER SIGNIFICANTLY MORE BUGS THAN IN TEAMS NOT USING CI.,,
62,C917,TDD AND CI REDUCES THE DEFECTS COMPARING WITH NO CI,,
63,C953,"CI IS RELATED TO AN INCREASING TREND IN THE NUMBER OF ISSUES CLOSED PER TIME PERIOD,",,
▸  Theme: Quality Assurance,,,,
64,C981,CI HELP TO TEST IN A REAL-WORLD ENVIRONMENT,,
65,C996,ENABLE  CROSS-PLATFORM TESTING,,
66,C927,CI ENABLES CROSS-PLATFORM TESTING,,
67,C968,TEST ACROSS ALL PLATFORMS,,
68,C909,CI IS THE RIGHT CONTEXT FOR MAKING CONTINUOUS REFACTORING POSSIBLE TO APPLY.( CONTINUOUS REFACTORING SHOULD BE INCLUDED AMONG THE PATTERNS TO FOLLOW IN ORDER TO FULLY BENEFIT FROM THE ADOPTION OF CI. ),,
69,C924,CI HELPS TO CATCH PROBLEMS AS EARLY AS POSSIBLE,,
70,C993,IMPROVE SOFTWARE QUALITY,,
71,C1013,CI INCREASED SOFTWARE QUALITY,,
72,C925,CI IMPROVES QUALITY,,
73,C971,PROJECTS THAT USE CI HAVE HIGHER CODE QUALITY,,
74,C939,CI IMPROVES CODE QUALITY,,
75,C910,CI -> DEVELOPERS TEND TO ASSESS CODE QUALITY CONTINUOUSLY,,
76,C978,"CI ALLOWS RUNNING THE TESTS IN THE CLOUD, FREEING UP PERSONAL MACHINES",,
77,C995,ENFORCE AUTOMATED SOFTWARE TESTING,,
78,C969,PROJECTS WITH CI GIVE MORE VALUE TO AUTOMATED TESTS,,
79,C970,PROJECTS WITH CI HAVE HIGHER QUALITY TESTS,,
80,C959,CI FORCES MORE TEST EFFORT,,
81,C988,INCREASES THE NUMBER OF AUTOMATED TESTS,,
82,C895,CI USAGE IS ASSOCIATED WITH HIGH CLASS TEST COVERAGE,,
83,C923,CI IS CORRELATED TO THE PRESENCE OF TEST PRACTICE,,
84,C954,THE AMOUNT (AND POTENTIALLY THE QUALITY) OF AUTOMATED TESTS SEEMS TO INCREASE,,
▸  Theme: Software Process,,,,
85,C911,CONTINUOUS INTEGRATION ENABLES STEPWISE TRANSITION FROM WATERFALL TO AGILE,,
86,C912,THE INTEGRATION TOOL-CHAIN ENABLED SHORTER FEEDBACK CYCLES,,
87,C967,CI ENFORCES A SPECIFIC WORKFLOW,,
88,C999,CI REDUCES MANUAL WORK,,
89,C934,CI IMPROVES AUTOMATION,,
90,C1012,CI PROVIDED DETAILED INSIGHT FROM MANAGEMENT PERSPECTIVE,,
91,C1010,CI BUILT A SOLID FOUNDATION FOR QUANTITATIVE EVALUATION OF SOFTWARE PROGRESS,,
92,C913,"WHEN EVERYTHING IS A MOVING TARGET, CONTINUOUS INTEGRATION CAN PROVIDE STABLE GROUND",,
93,C921,CI -> IMPROVES PROJECT PREDICTABILITY,,
94,C1015,"CI BASED PROCESS AUTOMATION LETS THE TEST AND QA ENGINEERS TO BE INVOLVED IN THE DEVELOPMENT, CONTINUOUSLY",,
95,C958,THE COMMUNICATION REQUIRED BY PROACTIVE INCONSISTENCY MITIGATION IS AVOIDED,,
96,C949,WE FIND THAT 75.9% (66/87) OF THE STUDIED PROJECTS TEND TO INCREASE THE NUMBER OF PR CONTRIBUTORS PER RELEASE AFTER ADOPTING CI.,,
97,C919,CI -> IMPROVES COMMUNICATION INTRA-TEAM,,
98,C998,IMPROVE COMMUNICATION,,
99,C920,CI -> IMPROVES COMMUNICATION INTER-TEAM,,
100,C899,CI INCREASES NORMALIZED COLLABORATION AMOUNT BETWEEN PROGRAMMERS [OSS AND PROPRIETARY PROJECTS],,
101,C1007,CI BROUGHT INCREASED VISIBILITY ENABLING GREATER COMMUNICATION AMONG THE RELEVANT STAKEHOLDERS.,,
102,C908,CI -> BENEFITS SOFTWARE DEVELOPMENT OF LARGE-SCALE SYSTEMS,,
103,C930,CI GENERATED TECHNICAL PROBLEMS IS PARTICULARLY CHALLENGING FOR ONBOARDING NEWCOMERS (SINCE THEY “DO NOT UNDERSTAND WHAT CI DOES AND WHAT IT DOESN’T”.),,
104,C896,LACK OF SUPPORT FOR NEEDED TECHNOLOGY IS ASSOCIATED WITH AN INCREASE RISK OF ABANDONING,,
105,C891,CI BRING CHALLENGES WHEN IMPLEMENTING IN PRACTICE,,
106,C905,DUVALL’S SEVEN CORNER STONES OF CONTINUOUS INTEGRATION IS DIFFICULT TO BE APPLIED FOR EMBEDDED SYSTEMS,,
107,C965,CI ALLOWS FASTER ITERATIONS,,
108,C926,CI IMPROVES THE FAST DEVELOPMENT CYCLE,,
109,C984,MORE QUICK PATCH AND RELEASING DELIVERIES,,
110,C979,CI HELPS DEPLOY MORE OFTEN,,
111,C976,PROJECTS THAT USE CI RELEASE MORE THAN TWICE AS OFTEN AS THOSE THAT DO NOT USE CI.,,
112,C938,CI PROMOTES A REGULAR RELEASE CYCLE;THIS ALLOWS US TO GIVE INCREMENTAL VALUE TO THE BUSINESS FREQUENTLY AND PREDICTABLY.,,
113,C964,CI HELPS PROJECTS DEPLOY MORE OFTEN,,