#,Claim ID,Claim Text,Your Code,Notes (optional)
1,C914,"CI IS A DOMINANT FACTOR OF PULL-REQUEST ACCEPTANCE AND LATENCY. (THE PULL-REQUESTS WITH CI FAILURES HAVE ABOUT 89.6% GREATER ODDS OF BEING REJECTED EVENTUALLY.; FOR PULL-REQUEST LATENCY, THE CI RUNNING TIME IS HIGHLY SIGNIFICANT AND COVERS MORE THAN 21% OF THE VARIANCE EXPLAINED.)",,
2,C996,ENABLE  CROSS-PLATFORM TESTING,,
3,C992,CI  SPEED UP DEVELOPMENT PRACTICE,,
4,C956,THE CI ADOPTION LEADS TO A WORSENING IN THE PERCEIVED TEAM PRODUCTIVITY.,,
5,C982,CI CAUSE LESS TIME DEBUGGING,,
6,C979,CI HELPS DEPLOY MORE OFTEN,,
7,C1010,CI BUILT A SOLID FOUNDATION FOR QUANTITATIVE EVALUATION OF SOFTWARE PROGRESS,,
8,C993,IMPROVE SOFTWARE QUALITY,,
9,C1000,CI IMPROVES THE DEVELOPER'S CONFIDENCE TO PERFORM THE REQUIRED CODE CHANGES.,,
10,C948,AFTER ADOPTING CI PROJECTS DELIVER 3.43 TIMES MORE PRS PER RELEASE THAN BEFORE CI,,
11,C978,"CI ALLOWS RUNNING THE TESTS IN THE CLOUD, FREEING UP PERSONAL MACHINES",,
12,C988,INCREASES THE NUMBER OF AUTOMATED TESTS,,
13,C1005,CD DECREASES THE DEFECT REPORT,,
14,C891,CI BRING CHALLENGES WHEN IMPLEMENTING IN PRACTICE,,
15,C915,CI INCREASES THE PROPORTION OF SUCCESSFUL BUILDS,,
16,C983,HELPS TO REJECT PROBLEMATIC PR,,
17,C957,THE COGNITIVELY DIFFICULT TASK OF INCONSISTENCY PREDICTION IS ABANDONED,,
18,C941,CI INCREASES DEVELOPER PRODUCTIVITY (MENTION CONTINUOUS INTEGRATION AND CONTINUOUS DEPLOYMENT AS MAJOR BUILDING BLOCKS OF AN EFFICIENT AUTOMATED LOOP COMPRISING DIFFERENT FULFILLMENT LEVELS),,
19,C907,CONTINUOUS INTEGRATION INCREASES THE CONFIDENCE ABOUT THE QUALITY.,,
20,C895,CI USAGE IS ASSOCIATED WITH HIGH CLASS TEST COVERAGE,,
21,C913,"WHEN EVERYTHING IS A MOVING TARGET, CONTINUOUS INTEGRATION CAN PROVIDE STABLE GROUND",,
22,C899,CI INCREASES NORMALIZED COLLABORATION AMOUNT BETWEEN PROGRAMMERS [OSS AND PROPRIETARY PROJECTS],,
23,C946,"SURPRISINGLY, IN 54% OF THE PROJECTS, PRS HAVE A LONGER LIFETIME AFTER ADOPTING CI",,
24,C958,THE COMMUNICATION REQUIRED BY PROACTIVE INCONSISTENCY MITIGATION IS AVOIDED,,
25,C918,TDD AND CI HELPED IN REDUCING THE TIME TO FIND AND FIX THE DEFECTS,,
26,C981,CI HELP TO TEST IN A REAL-WORLD ENVIRONMENT,,
27,C975,MAKES THE TEAM LESS WORRIED ABOUT BREAKING THE BUILD,,
28,C893,CI INCREASES COMMIT SIZE [FOR OSS PROJECTS],,
29,C1014,CI DECREASED TEAM WORKLOAD FOR PAPERWORK,,
30,C938,CI PROMOTES A REGULAR RELEASE CYCLE;THIS ALLOWS US TO GIVE INCREMENTAL VALUE TO THE BUSINESS FREQUENTLY AND PREDICTABLY.,,
31,C924,CI HELPS TO CATCH PROBLEMS AS EARLY AS POSSIBLE,,
32,C1002,CI REQUIRES ADDITIONAL EFFORT,,
33,C912,THE INTEGRATION TOOL-CHAIN ENABLED SHORTER FEEDBACK CYCLES,,
34,C994,CI SUPPORTS THE TEAM TO CATCH PROBLEMS AS EARLY AS POSSIBLE.,,
35,C905,DUVALL’S SEVEN CORNER STONES OF CONTINUOUS INTEGRATION IS DIFFICULT TO BE APPLIED FOR EMBEDDED SYSTEMS,,
36,C984,MORE QUICK PATCH AND RELEASING DELIVERIES,,
37,C947,71.3% (62/87) OF THE PROJECTS INCREASE PR SUBMISSIONS AFTER ADOPTING CI.,,
38,C904,CD INCREASES THE THROUGHPUT PER  DEVELOPER,,
39,C1007,CI BROUGHT INCREASED VISIBILITY ENABLING GREATER COMMUNICATION AMONG THE RELEVANT STAKEHOLDERS.,,
40,C931,ANOTHER RECURRING PROBLEM OF CI IS THE FALSE SENSE OF CONFIDENCE,,
41,C911,CONTINUOUS INTEGRATION ENABLES STEPWISE TRANSITION FROM WATERFALL TO AGILE,,
42,C951,CI IS RELATED TO AN INCREASE OF MERGE COMMITS,,
43,C968,TEST ACROSS ALL PLATFORMS,,
44,C1004,"CI MAY BE CHALLENGING BY FLAKY TESTS (EG, “TESTS CAN SOMETIMES BE FLAKY, WHICH IS FRUSTRATING ”)",,
45,C945,"IN 73% (46/63) OF THE PROJECTS, PRS ARE MERGED FASTER BEFORE ADOPTING CI",,
46,C908,CI -> BENEFITS SOFTWARE DEVELOPMENT OF LARGE-SCALE SYSTEMS,,
47,C944,ONLY 51.3% OF THE PROJECTS DELIVER MERGED PRS MORE QUICKLY AFTER THE ADOPTION OF CI,,
48,C936,CI IMPROVES PRODUCTIVITY,,
49,C909,CI IS THE RIGHT CONTEXT FOR MAKING CONTINUOUS REFACTORING POSSIBLE TO APPLY.( CONTINUOUS REFACTORING SHOULD BE INCLUDED AMONG THE PATTERNS TO FOLLOW IN ORDER TO FULLY BENEFIT FROM THE ADOPTION OF CI. ),,
50,C990,CI IS A DOMINANT FACTOR OF PULL REQUEST LATENCY.,,
51,C927,CI ENABLES CROSS-PLATFORM TESTING,,
52,C932,CONTINUOUS INTEGRATION TECHNIQUES REQUIRE DEVELOPERS A CERTAIN LEVEL OF DISCIPLINE,,
53,C966,CI MAKES INTEGRATION EASIER.,,
54,C906,CONTINUOUS INTEGRATION INCREASES DEVELOPMENT EFFICIENCY,,
55,C937,CI REDUCES THE TURNAROUND TIME FOR RESOLVING BROKEN BUILDS,,
56,C925,CI IMPROVES QUALITY,,
57,C949,WE FIND THAT 75.9% (66/87) OF THE STUDIED PROJECTS TEND TO INCREASE THE NUMBER OF PR CONTRIBUTORS PER RELEASE AFTER ADOPTING CI.,,
58,C1015,"CI BASED PROCESS AUTOMATION LETS THE TEST AND QA ENGINEERS TO BE INVOLVED IN THE DEVELOPMENT, CONTINUOUSLY",,
59,C919,CI -> IMPROVES COMMUNICATION INTRA-TEAM,,
60,C985,DECREASES BUILD BREAKAGE,,
61,C995,ENFORCE AUTOMATED SOFTWARE TESTING,,
62,C934,CI IMPROVES AUTOMATION,,
63,C961,CI HELPS CATCH BUGS EARLIER,,
64,C894,"THE MORE CONTINUOUS INTEGRATION IS PRESENT WITHIN THE SYSTEMS DEVELOPMENT PROCESS, THE GREATER THE STAKEHOLDER SATISFACTION",,
65,C926,CI IMPROVES THE FAST DEVELOPMENT CYCLE,,
66,C922,CI CONTRIBUTES   TO   INCREASED   DEVELOPER   PRODUCTIVITY (AS   AN  EFFECT  OF FACILITATING PARALLEL  DEVELOPMENT IN THE SAME  SOURCE   CONTEXT),,
67,C998,IMPROVE COMMUNICATION,,
68,C896,LACK OF SUPPORT FOR NEEDED TECHNOLOGY IS ASSOCIATED WITH AN INCREASE RISK OF ABANDONING,,
69,C967,CI ENFORCES A SPECIFIC WORKFLOW,,
70,C901,CI INCREASES NORMALIZED BUGS RESOLVED [OSS PROJECTS],,
71,C917,TDD AND CI REDUCES THE DEFECTS COMPARING WITH NO CI,,
72,C952,MORE PRS ARE BEING CLOSED AFTER ADOPTING CI,,
73,C953,"CI IS RELATED TO AN INCREASING TREND IN THE NUMBER OF ISSUES CLOSED PER TIME PERIOD,",,
74,C960,THE COGNITIVE TRACTABILITY OF THE PROGRAMMING TASK IS INCREASED BY THE SINGLE-PROGRAMMER ASSUMPTION.,,
75,C964,CI HELPS PROJECTS DEPLOY MORE OFTEN,,
76,C972,PROJECTS WITH CI ARE MORE PRODUCTIVE,,
77,C969,PROJECTS WITH CI GIVE MORE VALUE TO AUTOMATED TESTS,,
78,C973,CONTINUOUS INTEGRATION IS NOT APPLIED DURING CRITICAL PERIODS FOR SOME DOMAIN (FINANCIAL AND E-COMMERCE),,
79,C940,CI CAN HELP DETECT MERGING ISSUES EARLY AND EASILY,,
80,C1013,CI INCREASED SOFTWARE QUALITY,,
81,C955,MAGNETISM AND STICKINESS VALUES TEND TO DROP AFTER TRAVIS CI HAS BEEN ADOPTED,,
82,C987,SHORTEN THE INTEGRATION TIME,,
83,C930,CI GENERATED TECHNICAL PROBLEMS IS PARTICULARLY CHALLENGING FOR ONBOARDING NEWCOMERS (SINCE THEY “DO NOT UNDERSTAND WHAT CI DOES AND WHAT IT DOESN’T”.),,
84,C1003,CI IMPLY MONETARY COSTS,,
85,C965,CI ALLOWS FASTER ITERATIONS,,
86,C950,CI IS RELATED TO SMALL MERGE COMMITS,,
87,C977,"CI BUILD STATUS CAN MAKE INTEGRATING PULL REQUESTS FASTER. WHEN USING CI, THE MEDIAN PULL REQUEST IS ACCEPTED 1.6 HOURS SOONER.",,
88,C923,CI IS CORRELATED TO THE PRESENCE OF TEST PRACTICE,,
89,C962,CI -> LESS WORRY ABOUT BREAKING THE BUILD,,
90,C980,CI MAKES INTEGRATION EASIER,,
91,C974,CI HELPS TO CATCH BUGS EARLY,,
92,C898,"THE STUDY ALSO INDICATES THAT CI IS ASSOCIATED WITH ADDING EXTRA COMPLEXITY, AS IN MANY PULL REQUESTS DEVELOPERS HAVE TO SOLVE NON-TRIVIAL CI CONFIGURATION ISSUES.",,
93,C971,PROJECTS THAT USE CI HAVE HIGHER CODE QUALITY,,
94,C933,ADDITIONAL EFFORT WAS ALSO EVIDENCED WHEN APPLY CI,,
95,C916,CI IMPROVES THE CAPACITY TO RELEASE CLEAN CODE (CLEAN RELEASE BUILDS),,
96,C910,CI -> DEVELOPERS TEND TO ASSESS CODE QUALITY CONTINUOUSLY,,
97,C1012,CI PROVIDED DETAILED INSIGHT FROM MANAGEMENT PERSPECTIVE,,
98,C999,CI REDUCES MANUAL WORK,,
99,C892,CI INCREASES NORMALIZED COMMIT FREQUENCY [FOR OSS PROJECTS],,
100,C976,PROJECTS THAT USE CI RELEASE MORE THAN TWICE AS OFTEN AS THOSE THAT DO NOT USE CI.,,
101,C928,CONTINUOUS INTEGRATION GIVES MORE CONFIDENCE TO PERFORM REQUIRED CODE CHANGES,,
102,C954,THE AMOUNT (AND POTENTIALLY THE QUALITY) OF AUTOMATED TESTS SEEMS TO INCREASE,,
103,C1001,CI IS ASSOCIATED TO A FALSE SENSE OF CONFIDENCE (AS A SITUATION WHERE DEVELOPERS BLINDLY TRUST THE TESTS).,,
104,C970,PROJECTS WITH CI HAVE HIGHER QUALITY TESTS,,
105,C986,SHORTEN THE BUILD TIME,,
106,C1008,CI MAKES CAUGHT ISSUES EARLIER EVEN IN UNIT AND CSCI LEVEL TESTS,,
107,C939,CI IMPROVES CODE QUALITY,,
108,C921,CI -> IMPROVES PROJECT PREDICTABILITY,,
109,C920,CI -> IMPROVES COMMUNICATION INTER-TEAM,,
110,C959,CI FORCES MORE TEST EFFORT,,
111,C943,CORE DEVELOPERS IN TEAMS USING CI ARE ABLE TO DISCOVER SIGNIFICANTLY MORE BUGS THAN IN TEAMS NOT USING CI.,,
112,C903,CI ENCOURAGES DEVELOPERS TO GIVE VERY HIGH PRIORITY TO FIX BUILD BREAKAGES.,,
113,C897,CI REDUCES THE CHECKIN OVERHEAD,,
