row,cid,claim,gold_theme,choice_set_size,codes_available_in_theme,model_code,model_confidence,DECISION,FINAL_CODE,REASON_CODE,REASON_TEXT,SECONDS
1,C987,SHORTEN THE INTEGRATION TIME,INTEGRATION PATTERNS,4,CI IS ASSOCIATED WITH A COMMIT PATTERN CHANGE | CI IS ASSOCIATED WITH A POSITIVE IMPACT ON INTEGRATION PRACTICE | CI IS RELATED TO NEGATIVE IMPACTS ON PULL REQUESTS LIFE-CYCLE | CI IS RELATED TO POSITIVE IMPACTS ON PULL REQUESTS LIFE-CYCLE,CI IS ASSOCIATED WITH A POSITIVE IMPACT ON INTEGRATION PRACTICE,0.75,,,,,
2,C1010,CI BUILT A SOLID FOUNDATION FOR QUANTITATIVE EVALUATION OF SOFTWARE PROGRESS,SOFTWARE PROCESS,8,CI FACILITATES THE TRANSITION TO AGILE | CI IS ASSOCIATED WITH A FEED BACK FREQUENCY INCREASE | CI IS ASSOCIATED WITH AN IMPROVEMENT IN PROCESS AUTOMATION | CI IS ASSOCIATED WITH AN IMPROVEMENT IN PROCESS RELIABILITY | CI IS ASSOCIATED WITH AN INCREASE IN COOPERATION | CI IS ASSOCIATED WITH SOFTWARE DEVELOPMENT BENEFITS | CI IS ASSOCIATED WITH TECHNICAL CHALLENGES | CI IS RELATED TO POSITIVE IMPACTS ON RELEASE CYCLE,CI IS ASSOCIATED WITH AN IMPROVEMENT IN PROCESS RELIABILITY,0.62,,,,,
3,C921,CI -> IMPROVES PROJECT PREDICTABILITY,SOFTWARE PROCESS,8,CI FACILITATES THE TRANSITION TO AGILE | CI IS ASSOCIATED WITH A FEED BACK FREQUENCY INCREASE | CI IS ASSOCIATED WITH AN IMPROVEMENT IN PROCESS AUTOMATION | CI IS ASSOCIATED WITH AN IMPROVEMENT IN PROCESS RELIABILITY | CI IS ASSOCIATED WITH AN INCREASE IN COOPERATION | CI IS ASSOCIATED WITH SOFTWARE DEVELOPMENT BENEFITS | CI IS ASSOCIATED WITH TECHNICAL CHALLENGES | CI IS RELATED TO POSITIVE IMPACTS ON RELEASE CYCLE,CI IS ASSOCIATED WITH AN IMPROVEMENT IN PROCESS RELIABILITY,0.75,,,,,
4,C994,CI SUPPORTS THE TEAM TO CATCH PROBLEMS AS EARLY AS POSSIBLE.,ISSUES AND DEFECTS,3,CI IS ASSOCIATED WITH A DECREASE IN TIME TO LEAD DEFECTS | CI IS ASSOCIATED WITH DEFECTS REDUCTION | CI IS ASSOCIATED WITH ISSUES REDUCTION,CI IS ASSOCIATED WITH A DECREASE IN TIME TO LEAD DEFECTS,0.75,,,,,
5,C1002,CI REQUIRES ADDITIONAL EFFORT,DEVELOPMENT ACTIVITIES,10,CI IS ASSOCIATED WITH A DECREASE IN MAGNETISM AND RETENTION | CI IS ASSOCIATED WITH A DECREASED PERCEPTION OF PRODUCTIVITY | CI IS ASSOCIATED WITH A WORKLOAD REDUCTION | CI IS ASSOCIATED WITH ADDING EXTRA COMPLEXITY | CI IS ASSOCIATED WITH AN IMPROVEMENT IN SATISFACTION | CI IS ASSOCIATED WITH CONFIDENCE IMPROVEMENT | CI IS ASSOCIATED WITH HUMAN CHALLENGES | CI IS ASSOCIATED WITH ORGANIZATIONAL CHALLENGES | CI IS RELATED TO PRODUCTIVITY AND EFFICIENCY INCREASING | CI MAY GENERATE A FALSE SENSE OF CONFIDENCE,CI IS ASSOCIATED WITH ADDING EXTRA COMPLEXITY,0.72,,,,,
6,C905,DUVALL’S SEVEN CORNER STONES OF CONTINUOUS INTEGRATION IS DIFFICULT TO BE APPLIED FOR EMBEDDED SYSTEMS,SOFTWARE PROCESS,8,CI FACILITATES THE TRANSITION TO AGILE | CI IS ASSOCIATED WITH A FEED BACK FREQUENCY INCREASE | CI IS ASSOCIATED WITH AN IMPROVEMENT IN PROCESS AUTOMATION | CI IS ASSOCIATED WITH AN IMPROVEMENT IN PROCESS RELIABILITY | CI IS ASSOCIATED WITH AN INCREASE IN COOPERATION | CI IS ASSOCIATED WITH SOFTWARE DEVELOPMENT BENEFITS | CI IS ASSOCIATED WITH TECHNICAL CHALLENGES | CI IS RELATED TO POSITIVE IMPACTS ON RELEASE CYCLE,CI IS ASSOCIATED WITH TECHNICAL CHALLENGES,0.72,,,,,
7,C959,CI FORCES MORE TEST EFFORT,QUALITY ASSURANCE,4,CI IS ASSOCIATED TO MULTI-ENVIRONMENT TESTS | CI IS ASSOCIATED WITH TO FAVOR CONTINUOUS REFACTORING | CI IS RELATED TO AN INCREASE QUALITY ASSESSMENT | CI IS RELATED TO POSITIVE IMPACTS ON TEST PRACTICE,CI IS RELATED TO POSITIVE IMPACTS ON TEST PRACTICE,0.72,,,,,
8,C944,ONLY 51.3% OF THE PROJECTS DELIVER MERGED PRS MORE QUICKLY AFTER THE ADOPTION OF CI,INTEGRATION PATTERNS,4,CI IS ASSOCIATED WITH A COMMIT PATTERN CHANGE | CI IS ASSOCIATED WITH A POSITIVE IMPACT ON INTEGRATION PRACTICE | CI IS RELATED TO NEGATIVE IMPACTS ON PULL REQUESTS LIFE-CYCLE | CI IS RELATED TO POSITIVE IMPACTS ON PULL REQUESTS LIFE-CYCLE,CI IS RELATED TO NEGATIVE IMPACTS ON PULL REQUESTS LIFE-CYCLE,0.72,,,,,
9,C932,CONTINUOUS INTEGRATION TECHNIQUES REQUIRE DEVELOPERS A CERTAIN LEVEL OF DISCIPLINE,DEVELOPMENT ACTIVITIES,10,CI IS ASSOCIATED WITH A DECREASE IN MAGNETISM AND RETENTION | CI IS ASSOCIATED WITH A DECREASED PERCEPTION OF PRODUCTIVITY | CI IS ASSOCIATED WITH A WORKLOAD REDUCTION | CI IS ASSOCIATED WITH ADDING EXTRA COMPLEXITY | CI IS ASSOCIATED WITH AN IMPROVEMENT IN SATISFACTION | CI IS ASSOCIATED WITH CONFIDENCE IMPROVEMENT | CI IS ASSOCIATED WITH HUMAN CHALLENGES | CI IS ASSOCIATED WITH ORGANIZATIONAL CHALLENGES | CI IS RELATED TO PRODUCTIVITY AND EFFICIENCY INCREASING | CI MAY GENERATE A FALSE SENSE OF CONFIDENCE,CI IS ASSOCIATED WITH HUMAN CHALLENGES,0.72,,,,,
10,C1015,"CI BASED PROCESS AUTOMATION LETS THE TEST AND QA ENGINEERS TO BE INVOLVED IN THE DEVELOPMENT, CONTINUOUSLY",SOFTWARE PROCESS,8,CI FACILITATES THE TRANSITION TO AGILE | CI IS ASSOCIATED WITH A FEED BACK FREQUENCY INCREASE | CI IS ASSOCIATED WITH AN IMPROVEMENT IN PROCESS AUTOMATION | CI IS ASSOCIATED WITH AN IMPROVEMENT IN PROCESS RELIABILITY | CI IS ASSOCIATED WITH AN INCREASE IN COOPERATION | CI IS ASSOCIATED WITH SOFTWARE DEVELOPMENT BENEFITS | CI IS ASSOCIATED WITH TECHNICAL CHALLENGES | CI IS RELATED TO POSITIVE IMPACTS ON RELEASE CYCLE,CI IS ASSOCIATED WITH AN IMPROVEMENT IN PROCESS AUTOMATION,0.75,,,,,
11,C939,CI IMPROVES CODE QUALITY,QUALITY ASSURANCE,4,CI IS ASSOCIATED TO MULTI-ENVIRONMENT TESTS | CI IS ASSOCIATED WITH TO FAVOR CONTINUOUS REFACTORING | CI IS RELATED TO AN INCREASE QUALITY ASSESSMENT | CI IS RELATED TO POSITIVE IMPACTS ON TEST PRACTICE,CI IS RELATED TO AN INCREASE QUALITY ASSESSMENT,0.75,,,,,
12,C930,CI GENERATED TECHNICAL PROBLEMS IS PARTICULARLY CHALLENGING FOR ONBOARDING NEWCOMERS (SINCE THEY “DO NOT UNDERSTAND WHAT CI DOES AND WHAT IT DOESN’T”.),SOFTWARE PROCESS,8,CI FACILITATES THE TRANSITION TO AGILE | CI IS ASSOCIATED WITH A FEED BACK FREQUENCY INCREASE | CI IS ASSOCIATED WITH AN IMPROVEMENT IN PROCESS AUTOMATION | CI IS ASSOCIATED WITH AN IMPROVEMENT IN PROCESS RELIABILITY | CI IS ASSOCIATED WITH AN INCREASE IN COOPERATION | CI IS ASSOCIATED WITH SOFTWARE DEVELOPMENT BENEFITS | CI IS ASSOCIATED WITH TECHNICAL CHALLENGES | CI IS RELATED TO POSITIVE IMPACTS ON RELEASE CYCLE,CI IS ASSOCIATED WITH TECHNICAL CHALLENGES,0.75,,,,,
13,C968,TEST ACROSS ALL PLATFORMS,QUALITY ASSURANCE,4,CI IS ASSOCIATED TO MULTI-ENVIRONMENT TESTS | CI IS ASSOCIATED WITH TO FAVOR CONTINUOUS REFACTORING | CI IS RELATED TO AN INCREASE QUALITY ASSESSMENT | CI IS RELATED TO POSITIVE IMPACTS ON TEST PRACTICE,CI IS ASSOCIATED TO MULTI-ENVIRONMENT TESTS,0.75,,,,,
14,C916,CI IMPROVES THE CAPACITY TO RELEASE CLEAN CODE (CLEAN RELEASE BUILDS),BUILD PATTERNS,2,CI IS ASSOCIATED WITH A DECREASING IN BUILD TIME | CI IS ASSOCIATED WITH BUILD HEALTH,CI IS RELATED TO POSITIVE IMPACTS ON RELEASE CYCLE,0.75,,,,,
15,C908,CI -> BENEFITS SOFTWARE DEVELOPMENT OF LARGE-SCALE SYSTEMS,SOFTWARE PROCESS,8,CI FACILITATES THE TRANSITION TO AGILE | CI IS ASSOCIATED WITH A FEED BACK FREQUENCY INCREASE | CI IS ASSOCIATED WITH AN IMPROVEMENT IN PROCESS AUTOMATION | CI IS ASSOCIATED WITH AN IMPROVEMENT IN PROCESS RELIABILITY | CI IS ASSOCIATED WITH AN INCREASE IN COOPERATION | CI IS ASSOCIATED WITH SOFTWARE DEVELOPMENT BENEFITS | CI IS ASSOCIATED WITH TECHNICAL CHALLENGES | CI IS RELATED TO POSITIVE IMPACTS ON RELEASE CYCLE,CI IS ASSOCIATED WITH SOFTWARE DEVELOPMENT BENEFITS,0.75,,,,,
16,C949,WE FIND THAT 75.9% (66/87) OF THE STUDIED PROJECTS TEND TO INCREASE THE NUMBER OF PR CONTRIBUTORS PER RELEASE AFTER ADOPTING CI.,SOFTWARE PROCESS,8,CI FACILITATES THE TRANSITION TO AGILE | CI IS ASSOCIATED WITH A FEED BACK FREQUENCY INCREASE | CI IS ASSOCIATED WITH AN IMPROVEMENT IN PROCESS AUTOMATION | CI IS ASSOCIATED WITH AN IMPROVEMENT IN PROCESS RELIABILITY | CI IS ASSOCIATED WITH AN INCREASE IN COOPERATION | CI IS ASSOCIATED WITH SOFTWARE DEVELOPMENT BENEFITS | CI IS ASSOCIATED WITH TECHNICAL CHALLENGES | CI IS RELATED TO POSITIVE IMPACTS ON RELEASE CYCLE,CI IS ASSOCIATED WITH AN INCREASE IN COOPERATION,0.75,,,,,
17,C993,IMPROVE SOFTWARE QUALITY,QUALITY ASSURANCE,4,CI IS ASSOCIATED TO MULTI-ENVIRONMENT TESTS | CI IS ASSOCIATED WITH TO FAVOR CONTINUOUS REFACTORING | CI IS RELATED TO AN INCREASE QUALITY ASSESSMENT | CI IS RELATED TO POSITIVE IMPACTS ON TEST PRACTICE,CI IS ASSOCIATED WITH TO FAVOR CONTINUOUS REFACTORING,0.45,,,,,
18,C1012,CI PROVIDED DETAILED INSIGHT FROM MANAGEMENT PERSPECTIVE,SOFTWARE PROCESS,8,CI FACILITATES THE TRANSITION TO AGILE | CI IS ASSOCIATED WITH A FEED BACK FREQUENCY INCREASE | CI IS ASSOCIATED WITH AN IMPROVEMENT IN PROCESS AUTOMATION | CI IS ASSOCIATED WITH AN IMPROVEMENT IN PROCESS RELIABILITY | CI IS ASSOCIATED WITH AN INCREASE IN COOPERATION | CI IS ASSOCIATED WITH SOFTWARE DEVELOPMENT BENEFITS | CI IS ASSOCIATED WITH TECHNICAL CHALLENGES | CI IS RELATED TO POSITIVE IMPACTS ON RELEASE CYCLE,CI IS ASSOCIATED WITH A FEED BACK FREQUENCY INCREASE,0.62,,,,,
19,C1008,CI MAKES CAUGHT ISSUES EARLIER EVEN IN UNIT AND CSCI LEVEL TESTS,ISSUES AND DEFECTS,3,CI IS ASSOCIATED WITH A DECREASE IN TIME TO LEAD DEFECTS | CI IS ASSOCIATED WITH DEFECTS REDUCTION | CI IS ASSOCIATED WITH ISSUES REDUCTION,CI IS RELATED TO POSITIVE IMPACTS ON TEST PRACTICE,0.75,,,,,
20,C891,CI BRING CHALLENGES WHEN IMPLEMENTING IN PRACTICE,SOFTWARE PROCESS,8,CI FACILITATES THE TRANSITION TO AGILE | CI IS ASSOCIATED WITH A FEED BACK FREQUENCY INCREASE | CI IS ASSOCIATED WITH AN IMPROVEMENT IN PROCESS AUTOMATION | CI IS ASSOCIATED WITH AN IMPROVEMENT IN PROCESS RELIABILITY | CI IS ASSOCIATED WITH AN INCREASE IN COOPERATION | CI IS ASSOCIATED WITH SOFTWARE DEVELOPMENT BENEFITS | CI IS ASSOCIATED WITH TECHNICAL CHALLENGES | CI IS RELATED TO POSITIVE IMPACTS ON RELEASE CYCLE,CI IS ASSOCIATED WITH TECHNICAL CHALLENGES,0.72,,,,,
21,C990,CI IS A DOMINANT FACTOR OF PULL REQUEST LATENCY.,INTEGRATION PATTERNS,4,CI IS ASSOCIATED WITH A COMMIT PATTERN CHANGE | CI IS ASSOCIATED WITH A POSITIVE IMPACT ON INTEGRATION PRACTICE | CI IS RELATED TO NEGATIVE IMPACTS ON PULL REQUESTS LIFE-CYCLE | CI IS RELATED TO POSITIVE IMPACTS ON PULL REQUESTS LIFE-CYCLE,CI IS RELATED TO POSITIVE IMPACTS ON PULL REQUESTS LIFE-CYCLE,0.72,,,,,
22,C901,CI INCREASES NORMALIZED BUGS RESOLVED [OSS PROJECTS],ISSUES AND DEFECTS,3,CI IS ASSOCIATED WITH A DECREASE IN TIME TO LEAD DEFECTS | CI IS ASSOCIATED WITH DEFECTS REDUCTION | CI IS ASSOCIATED WITH ISSUES REDUCTION,CI IS ASSOCIATED WITH DEFECTS REDUCTION,0.75,,,,,
23,C893,CI INCREASES COMMIT SIZE [FOR OSS PROJECTS],INTEGRATION PATTERNS,4,CI IS ASSOCIATED WITH A COMMIT PATTERN CHANGE | CI IS ASSOCIATED WITH A POSITIVE IMPACT ON INTEGRATION PRACTICE | CI IS RELATED TO NEGATIVE IMPACTS ON PULL REQUESTS LIFE-CYCLE | CI IS RELATED TO POSITIVE IMPACTS ON PULL REQUESTS LIFE-CYCLE,CI IS ASSOCIATED WITH A COMMIT PATTERN CHANGE,0.72,,,,,
24,C978,"CI ALLOWS RUNNING THE TESTS IN THE CLOUD, FREEING UP PERSONAL MACHINES",QUALITY ASSURANCE,4,CI IS ASSOCIATED TO MULTI-ENVIRONMENT TESTS | CI IS ASSOCIATED WITH TO FAVOR CONTINUOUS REFACTORING | CI IS RELATED TO AN INCREASE QUALITY ASSESSMENT | CI IS RELATED TO POSITIVE IMPACTS ON TEST PRACTICE,CI IS ASSOCIATED WITH AN IMPROVEMENT IN PROCESS AUTOMATION,0.75,,,,,
25,C998,IMPROVE COMMUNICATION,SOFTWARE PROCESS,8,CI FACILITATES THE TRANSITION TO AGILE | CI IS ASSOCIATED WITH A FEED BACK FREQUENCY INCREASE | CI IS ASSOCIATED WITH AN IMPROVEMENT IN PROCESS AUTOMATION | CI IS ASSOCIATED WITH AN IMPROVEMENT IN PROCESS RELIABILITY | CI IS ASSOCIATED WITH AN INCREASE IN COOPERATION | CI IS ASSOCIATED WITH SOFTWARE DEVELOPMENT BENEFITS | CI IS ASSOCIATED WITH TECHNICAL CHALLENGES | CI IS RELATED TO POSITIVE IMPACTS ON RELEASE CYCLE,CI IS ASSOCIATED WITH AN INCREASE IN COOPERATION,0.45,,,,,
26,C1003,CI IMPLY MONETARY COSTS,DEVELOPMENT ACTIVITIES,10,CI IS ASSOCIATED WITH A DECREASE IN MAGNETISM AND RETENTION | CI IS ASSOCIATED WITH A DECREASED PERCEPTION OF PRODUCTIVITY | CI IS ASSOCIATED WITH A WORKLOAD REDUCTION | CI IS ASSOCIATED WITH ADDING EXTRA COMPLEXITY | CI IS ASSOCIATED WITH AN IMPROVEMENT IN SATISFACTION | CI IS ASSOCIATED WITH CONFIDENCE IMPROVEMENT | CI IS ASSOCIATED WITH HUMAN CHALLENGES | CI IS ASSOCIATED WITH ORGANIZATIONAL CHALLENGES | CI IS RELATED TO PRODUCTIVITY AND EFFICIENCY INCREASING | CI MAY GENERATE A FALSE SENSE OF CONFIDENCE,CI IS ASSOCIATED WITH ADDING EXTRA COMPLEXITY,0.35,,,,,
27,C947,71.3% (62/87) OF THE PROJECTS INCREASE PR SUBMISSIONS AFTER ADOPTING CI.,INTEGRATION PATTERNS,4,CI IS ASSOCIATED WITH A COMMIT PATTERN CHANGE | CI IS ASSOCIATED WITH A POSITIVE IMPACT ON INTEGRATION PRACTICE | CI IS RELATED TO NEGATIVE IMPACTS ON PULL REQUESTS LIFE-CYCLE | CI IS RELATED TO POSITIVE IMPACTS ON PULL REQUESTS LIFE-CYCLE,CI IS ASSOCIATED WITH A COMMIT PATTERN CHANGE,0.75,,,,,
28,C950,CI IS RELATED TO SMALL MERGE COMMITS,INTEGRATION PATTERNS,4,CI IS ASSOCIATED WITH A COMMIT PATTERN CHANGE | CI IS ASSOCIATED WITH A POSITIVE IMPACT ON INTEGRATION PRACTICE | CI IS RELATED TO NEGATIVE IMPACTS ON PULL REQUESTS LIFE-CYCLE | CI IS RELATED TO POSITIVE IMPACTS ON PULL REQUESTS LIFE-CYCLE,CI IS ASSOCIATED WITH A COMMIT PATTERN CHANGE,0.72,,,,,
29,C925,CI IMPROVES QUALITY,QUALITY ASSURANCE,4,CI IS ASSOCIATED TO MULTI-ENVIRONMENT TESTS | CI IS ASSOCIATED WITH TO FAVOR CONTINUOUS REFACTORING | CI IS RELATED TO AN INCREASE QUALITY ASSESSMENT | CI IS RELATED TO POSITIVE IMPACTS ON TEST PRACTICE,CI IS RELATED TO AN INCREASE QUALITY ASSESSMENT,0.75,,,,,
30,C982,CI CAUSE LESS TIME DEBUGGING,DEVELOPMENT ACTIVITIES,10,CI IS ASSOCIATED WITH A DECREASE IN MAGNETISM AND RETENTION | CI IS ASSOCIATED WITH A DECREASED PERCEPTION OF PRODUCTIVITY | CI IS ASSOCIATED WITH A WORKLOAD REDUCTION | CI IS ASSOCIATED WITH ADDING EXTRA COMPLEXITY | CI IS ASSOCIATED WITH AN IMPROVEMENT IN SATISFACTION | CI IS ASSOCIATED WITH CONFIDENCE IMPROVEMENT | CI IS ASSOCIATED WITH HUMAN CHALLENGES | CI IS ASSOCIATED WITH ORGANIZATIONAL CHALLENGES | CI IS RELATED TO PRODUCTIVITY AND EFFICIENCY INCREASING | CI MAY GENERATE A FALSE SENSE OF CONFIDENCE,CI IS ASSOCIATED WITH A DECREASE IN TIME TO LEAD DEFECTS,0.72,,,,,
31,C953,"CI IS RELATED TO AN INCREASING TREND IN THE NUMBER OF ISSUES CLOSED PER TIME PERIOD,",ISSUES AND DEFECTS,3,CI IS ASSOCIATED WITH A DECREASE IN TIME TO LEAD DEFECTS | CI IS ASSOCIATED WITH DEFECTS REDUCTION | CI IS ASSOCIATED WITH ISSUES REDUCTION,CI IS ASSOCIATED WITH ISSUES REDUCTION,0.75,,,,,
32,C924,CI HELPS TO CATCH PROBLEMS AS EARLY AS POSSIBLE,QUALITY ASSURANCE,4,CI IS ASSOCIATED TO MULTI-ENVIRONMENT TESTS | CI IS ASSOCIATED WITH TO FAVOR CONTINUOUS REFACTORING | CI IS RELATED TO AN INCREASE QUALITY ASSESSMENT | CI IS RELATED TO POSITIVE IMPACTS ON TEST PRACTICE,CI IS ASSOCIATED WITH A DECREASE IN TIME TO LEAD DEFECTS,0.75,,,,,
33,C920,CI -> IMPROVES COMMUNICATION INTER-TEAM,SOFTWARE PROCESS,8,CI FACILITATES THE TRANSITION TO AGILE | CI IS ASSOCIATED WITH A FEED BACK FREQUENCY INCREASE | CI IS ASSOCIATED WITH AN IMPROVEMENT IN PROCESS AUTOMATION | CI IS ASSOCIATED WITH AN IMPROVEMENT IN PROCESS RELIABILITY | CI IS ASSOCIATED WITH AN INCREASE IN COOPERATION | CI IS ASSOCIATED WITH SOFTWARE DEVELOPMENT BENEFITS | CI IS ASSOCIATED WITH TECHNICAL CHALLENGES | CI IS RELATED TO POSITIVE IMPACTS ON RELEASE CYCLE,CI IS ASSOCIATED WITH AN INCREASE IN COOPERATION,0.72,,,,,
34,C951,CI IS RELATED TO AN INCREASE OF MERGE COMMITS,INTEGRATION PATTERNS,4,CI IS ASSOCIATED WITH A COMMIT PATTERN CHANGE | CI IS ASSOCIATED WITH A POSITIVE IMPACT ON INTEGRATION PRACTICE | CI IS RELATED TO NEGATIVE IMPACTS ON PULL REQUESTS LIFE-CYCLE | CI IS RELATED TO POSITIVE IMPACTS ON PULL REQUESTS LIFE-CYCLE,CI IS ASSOCIATED WITH A COMMIT PATTERN CHANGE,0.72,,,,,
35,C973,CONTINUOUS INTEGRATION IS NOT APPLIED DURING CRITICAL PERIODS FOR SOME DOMAIN (FINANCIAL AND E-COMMERCE),DEVELOPMENT ACTIVITIES,10,CI IS ASSOCIATED WITH A DECREASE IN MAGNETISM AND RETENTION | CI IS ASSOCIATED WITH A DECREASED PERCEPTION OF PRODUCTIVITY | CI IS ASSOCIATED WITH A WORKLOAD REDUCTION | CI IS ASSOCIATED WITH ADDING EXTRA COMPLEXITY | CI IS ASSOCIATED WITH AN IMPROVEMENT IN SATISFACTION | CI IS ASSOCIATED WITH CONFIDENCE IMPROVEMENT | CI IS ASSOCIATED WITH HUMAN CHALLENGES | CI IS ASSOCIATED WITH ORGANIZATIONAL CHALLENGES | CI IS RELATED TO PRODUCTIVITY AND EFFICIENCY INCREASING | CI MAY GENERATE A FALSE SENSE OF CONFIDENCE,CI IS ASSOCIATED WITH ORGANIZATIONAL CHALLENGES,0.45,,,,,
36,C897,CI REDUCES THE CHECKIN OVERHEAD,DEVELOPMENT ACTIVITIES,10,CI IS ASSOCIATED WITH A DECREASE IN MAGNETISM AND RETENTION | CI IS ASSOCIATED WITH A DECREASED PERCEPTION OF PRODUCTIVITY | CI IS ASSOCIATED WITH A WORKLOAD REDUCTION | CI IS ASSOCIATED WITH ADDING EXTRA COMPLEXITY | CI IS ASSOCIATED WITH AN IMPROVEMENT IN SATISFACTION | CI IS ASSOCIATED WITH CONFIDENCE IMPROVEMENT | CI IS ASSOCIATED WITH HUMAN CHALLENGES | CI IS ASSOCIATED WITH ORGANIZATIONAL CHALLENGES | CI IS RELATED TO PRODUCTIVITY AND EFFICIENCY INCREASING | CI MAY GENERATE A FALSE SENSE OF CONFIDENCE,CI IS ASSOCIATED WITH A WORKLOAD REDUCTION,0.75,,,,,
37,C895,CI USAGE IS ASSOCIATED WITH HIGH CLASS TEST COVERAGE,QUALITY ASSURANCE,4,CI IS ASSOCIATED TO MULTI-ENVIRONMENT TESTS | CI IS ASSOCIATED WITH TO FAVOR CONTINUOUS REFACTORING | CI IS RELATED TO AN INCREASE QUALITY ASSESSMENT | CI IS RELATED TO POSITIVE IMPACTS ON TEST PRACTICE,CI IS RELATED TO POSITIVE IMPACTS ON TEST PRACTICE,0.75,,,,,
38,C995,ENFORCE AUTOMATED SOFTWARE TESTING,QUALITY ASSURANCE,4,CI IS ASSOCIATED TO MULTI-ENVIRONMENT TESTS | CI IS ASSOCIATED WITH TO FAVOR CONTINUOUS REFACTORING | CI IS RELATED TO AN INCREASE QUALITY ASSESSMENT | CI IS RELATED TO POSITIVE IMPACTS ON TEST PRACTICE,CI IS RELATED TO POSITIVE IMPACTS ON TEST PRACTICE,0.75,,,,,
39,C903,CI ENCOURAGES DEVELOPERS TO GIVE VERY HIGH PRIORITY TO FIX BUILD BREAKAGES.,BUILD PATTERNS,2,CI IS ASSOCIATED WITH A DECREASING IN BUILD TIME | CI IS ASSOCIATED WITH BUILD HEALTH,CI IS ASSOCIATED WITH A COMMIT PATTERN CHANGE,0.72,,,,,
40,C960,THE COGNITIVE TRACTABILITY OF THE PROGRAMMING TASK IS INCREASED BY THE SINGLE-PROGRAMMER ASSUMPTION.,DEVELOPMENT ACTIVITIES,10,CI IS ASSOCIATED WITH A DECREASE IN MAGNETISM AND RETENTION | CI IS ASSOCIATED WITH A DECREASED PERCEPTION OF PRODUCTIVITY | CI IS ASSOCIATED WITH A WORKLOAD REDUCTION | CI IS ASSOCIATED WITH ADDING EXTRA COMPLEXITY | CI IS ASSOCIATED WITH AN IMPROVEMENT IN SATISFACTION | CI IS ASSOCIATED WITH CONFIDENCE IMPROVEMENT | CI IS ASSOCIATED WITH HUMAN CHALLENGES | CI IS ASSOCIATED WITH ORGANIZATIONAL CHALLENGES | CI IS RELATED TO PRODUCTIVITY AND EFFICIENCY INCREASING | CI MAY GENERATE A FALSE SENSE OF CONFIDENCE,CI IS ASSOCIATED WITH SOFTWARE DEVELOPMENT BENEFITS,0.35,,,,,
41,C1007,CI BROUGHT INCREASED VISIBILITY ENABLING GREATER COMMUNICATION AMONG THE RELEVANT STAKEHOLDERS.,SOFTWARE PROCESS,8,CI FACILITATES THE TRANSITION TO AGILE | CI IS ASSOCIATED WITH A FEED BACK FREQUENCY INCREASE | CI IS ASSOCIATED WITH AN IMPROVEMENT IN PROCESS AUTOMATION | CI IS ASSOCIATED WITH AN IMPROVEMENT IN PROCESS RELIABILITY | CI IS ASSOCIATED WITH AN INCREASE IN COOPERATION | CI IS ASSOCIATED WITH SOFTWARE DEVELOPMENT BENEFITS | CI IS ASSOCIATED WITH TECHNICAL CHALLENGES | CI IS RELATED TO POSITIVE IMPACTS ON RELEASE CYCLE,CI IS ASSOCIATED WITH AN INCREASE IN COOPERATION,0.75,,,,,
42,C937,CI REDUCES THE TURNAROUND TIME FOR RESOLVING BROKEN BUILDS,ISSUES AND DEFECTS,3,CI IS ASSOCIATED WITH A DECREASE IN TIME TO LEAD DEFECTS | CI IS ASSOCIATED WITH DEFECTS REDUCTION | CI IS ASSOCIATED WITH ISSUES REDUCTION,CI IS ASSOCIATED WITH A DECREASE IN TIME TO LEAD DEFECTS,0.75,,,,,
43,C958,THE COMMUNICATION REQUIRED BY PROACTIVE INCONSISTENCY MITIGATION IS AVOIDED,SOFTWARE PROCESS,8,CI FACILITATES THE TRANSITION TO AGILE | CI IS ASSOCIATED WITH A FEED BACK FREQUENCY INCREASE | CI IS ASSOCIATED WITH AN IMPROVEMENT IN PROCESS AUTOMATION | CI IS ASSOCIATED WITH AN IMPROVEMENT IN PROCESS RELIABILITY | CI IS ASSOCIATED WITH AN INCREASE IN COOPERATION | CI IS ASSOCIATED WITH SOFTWARE DEVELOPMENT BENEFITS | CI IS ASSOCIATED WITH TECHNICAL CHALLENGES | CI IS RELATED TO POSITIVE IMPACTS ON RELEASE CYCLE,CI IS ASSOCIATED WITH AN INCREASE IN COOPERATION,0.35,,,,,
44,C933,ADDITIONAL EFFORT WAS ALSO EVIDENCED WHEN APPLY CI,DEVELOPMENT ACTIVITIES,10,CI IS ASSOCIATED WITH A DECREASE IN MAGNETISM AND RETENTION | CI IS ASSOCIATED WITH A DECREASED PERCEPTION OF PRODUCTIVITY | CI IS ASSOCIATED WITH A WORKLOAD REDUCTION | CI IS ASSOCIATED WITH ADDING EXTRA COMPLEXITY | CI IS ASSOCIATED WITH AN IMPROVEMENT IN SATISFACTION | CI IS ASSOCIATED WITH CONFIDENCE IMPROVEMENT | CI IS ASSOCIATED WITH HUMAN CHALLENGES | CI IS ASSOCIATED WITH ORGANIZATIONAL CHALLENGES | CI IS RELATED TO PRODUCTIVITY AND EFFICIENCY INCREASING | CI MAY GENERATE A FALSE SENSE OF CONFIDENCE,CI IS ASSOCIATED WITH ADDING EXTRA COMPLEXITY,0.72,,,,,
45,C957,THE COGNITIVELY DIFFICULT TASK OF INCONSISTENCY PREDICTION IS ABANDONED,DEVELOPMENT ACTIVITIES,10,CI IS ASSOCIATED WITH A DECREASE IN MAGNETISM AND RETENTION | CI IS ASSOCIATED WITH A DECREASED PERCEPTION OF PRODUCTIVITY | CI IS ASSOCIATED WITH A WORKLOAD REDUCTION | CI IS ASSOCIATED WITH ADDING EXTRA COMPLEXITY | CI IS ASSOCIATED WITH AN IMPROVEMENT IN SATISFACTION | CI IS ASSOCIATED WITH CONFIDENCE IMPROVEMENT | CI IS ASSOCIATED WITH HUMAN CHALLENGES | CI IS ASSOCIATED WITH ORGANIZATIONAL CHALLENGES | CI IS RELATED TO PRODUCTIVITY AND EFFICIENCY INCREASING | CI MAY GENERATE A FALSE SENSE OF CONFIDENCE,CI IS ASSOCIATED WITH A WORKLOAD REDUCTION,0.72,,,,,
46,C967,CI ENFORCES A SPECIFIC WORKFLOW,SOFTWARE PROCESS,8,CI FACILITATES THE TRANSITION TO AGILE | CI IS ASSOCIATED WITH A FEED BACK FREQUENCY INCREASE | CI IS ASSOCIATED WITH AN IMPROVEMENT IN PROCESS AUTOMATION | CI IS ASSOCIATED WITH AN IMPROVEMENT IN PROCESS RELIABILITY | CI IS ASSOCIATED WITH AN INCREASE IN COOPERATION | CI IS ASSOCIATED WITH SOFTWARE DEVELOPMENT BENEFITS | CI IS ASSOCIATED WITH TECHNICAL CHALLENGES | CI IS RELATED TO POSITIVE IMPACTS ON RELEASE CYCLE,CI IS ASSOCIATED WITH AN IMPROVEMENT IN PROCESS RELIABILITY,0.45,,,,,
47,C913,"WHEN EVERYTHING IS A MOVING TARGET, CONTINUOUS INTEGRATION CAN PROVIDE STABLE GROUND",SOFTWARE PROCESS,8,CI FACILITATES THE TRANSITION TO AGILE | CI IS ASSOCIATED WITH A FEED BACK FREQUENCY INCREASE | CI IS ASSOCIATED WITH AN IMPROVEMENT IN PROCESS AUTOMATION | CI IS ASSOCIATED WITH AN IMPROVEMENT IN PROCESS RELIABILITY | CI IS ASSOCIATED WITH AN INCREASE IN COOPERATION | CI IS ASSOCIATED WITH SOFTWARE DEVELOPMENT BENEFITS | CI IS ASSOCIATED WITH TECHNICAL CHALLENGES | CI IS RELATED TO POSITIVE IMPACTS ON RELEASE CYCLE,CI IS ASSOCIATED WITH AN IMPROVEMENT IN PROCESS RELIABILITY,0.75,,,,,
48,C896,LACK OF SUPPORT FOR NEEDED TECHNOLOGY IS ASSOCIATED WITH AN INCREASE RISK OF ABANDONING,SOFTWARE PROCESS,8,CI FACILITATES THE TRANSITION TO AGILE | CI IS ASSOCIATED WITH A FEED BACK FREQUENCY INCREASE | CI IS ASSOCIATED WITH AN IMPROVEMENT IN PROCESS AUTOMATION | CI IS ASSOCIATED WITH AN IMPROVEMENT IN PROCESS RELIABILITY | CI IS ASSOCIATED WITH AN INCREASE IN COOPERATION | CI IS ASSOCIATED WITH SOFTWARE DEVELOPMENT BENEFITS | CI IS ASSOCIATED WITH TECHNICAL CHALLENGES | CI IS RELATED TO POSITIVE IMPACTS ON RELEASE CYCLE,CI IS ASSOCIATED WITH TECHNICAL CHALLENGES,0.72,,,,,
49,C919,CI -> IMPROVES COMMUNICATION INTRA-TEAM,SOFTWARE PROCESS,8,CI FACILITATES THE TRANSITION TO AGILE | CI IS ASSOCIATED WITH A FEED BACK FREQUENCY INCREASE | CI IS ASSOCIATED WITH AN IMPROVEMENT IN PROCESS AUTOMATION | CI IS ASSOCIATED WITH AN IMPROVEMENT IN PROCESS RELIABILITY | CI IS ASSOCIATED WITH AN INCREASE IN COOPERATION | CI IS ASSOCIATED WITH SOFTWARE DEVELOPMENT BENEFITS | CI IS ASSOCIATED WITH TECHNICAL CHALLENGES | CI IS RELATED TO POSITIVE IMPACTS ON RELEASE CYCLE,CI IS ASSOCIATED WITH AN INCREASE IN COOPERATION,0.72,,,,,
