"CI Evidence Taxonomy — 6 Themes, 31 Codes",,
Theme,Code (copy exactly into annotation sheet),Description
Build Patterns,CI IS ASSOCIATED WITH A DECREASING IN BUILD TIME,
,CI IS ASSOCIATED WITH BUILD HEALTH,
Development Activities,CI IS ASSOCIATED WITH A DECREASE IN MAGNETISM AND RETENTION,
,CI IS ASSOCIATED WITH A DECREASED PERCEPTION OF PRODUCTIVITY,
,CI IS ASSOCIATED WITH A WORKLOAD REDUCTION,
,CI IS ASSOCIATED WITH ADDING EXTRA COMPLEXITY,
,CI IS ASSOCIATED WITH AN IMPROVEMENT IN SATISFACTION,
,CI IS ASSOCIATED WITH CONFIDENCE IMPROVEMENT,
,CI IS ASSOCIATED WITH HUMAN CHALLENGES,
,CI IS ASSOCIATED WITH ORGANIZATIONAL CHALLENGES,
,CI IS RELATED TO PRODUCTIVITY AND EFFICIENCY INCREASING,
,CI MAY GENERATE A FALSE SENSE OF CONFIDENCE,
Integration Patterns,CI IS ASSOCIATED WITH A COMMIT PATTERN CHANGE,
,CI IS ASSOCIATED WITH A POSITIVE IMPACT ON INTEGRATION PRACTICE,
,CI IS RELATED TO NEGATIVE IMPACTS ON PULL REQUESTS LIFE-CYCLE,
,CI IS RELATED TO POSITIVE IMPACTS ON PULL REQUESTS LIFE-CYCLE,
Issues And Defects,CI IS ASSOCIATED WITH A DECREASE IN TIME TO LEAD DEFECTS,
,CI IS ASSOCIATED WITH DEFECTS REDUCTION,
,CI IS ASSOCIATED WITH ISSUES REDUCTION,
Quality Assurance,CI IS ASSOCIATED TO MULTI-ENVIRONMENT TESTS,
,CI IS ASSOCIATED WITH TO FAVOR CONTINUOUS REFACTORING,
,CI IS RELATED TO AN INCREASE QUALITY ASSESSMENT,
,CI IS RELATED TO POSITIVE IMPACTS ON TEST PRACTICE,
Software Process,CI FACILITATES THE TRANSITION TO AGILE,
,CI IS ASSOCIATED WITH A FEED BACK FREQUENCY INCREASE,
,CI IS ASSOCIATED WITH AN IMPROVEMENT IN PROCESS AUTOMATION,
,CI IS ASSOCIATED WITH AN IMPROVEMENT IN PROCESS RELIABILITY,
,CI IS ASSOCIATED WITH AN INCREASE IN COOPERATION,
,CI IS ASSOCIATED WITH SOFTWARE DEVELOPMENT BENEFITS,
,CI IS ASSOCIATED WITH TECHNICAL CHALLENGES,
,CI IS RELATED TO POSITIVE IMPACTS ON RELEASE CYCLE,